ID,Word 1,Word 2,PoS,participant 1,participant 2,participant 3,participant 4,participant 5,participant 6,participant 7,participant 8,participant 9,participant 10
1,bras,muscle,nouns,4,3,3,2,4,1,2,2,2,3
2,démocratie,monarchie,nouns,2,4,3,3,2,2,3,3,1,4
3,toit,plafond,nouns,5,5,4,4,5,2,5,5,4,5
4,ami,professeur,nouns,0,3,0,1,3,0,2,1,1,3
5,main,pied,nouns,2,3,3,2,3,2,4,2,1,3
6,biographie,fiction,nouns,1,3,2,3,2,3,4,1,1,3
7,disque,ordinateur,nouns,3,3,2,2,4,2,2,1,2,2
8,escrime,gymnastique,nouns,1,3,2,3,4,3,3,2,1,3
9,banque,siège,nouns,0,4,1,3,4,3,0,0,1,3
10,empereur,constitution,nouns,0,3,1,2,2,2,0,1,0,1
11,coup,ruse,nouns,3,4,3,4,4,5,5,4,5,5
12,taille,magnitude,nouns,5,3,2,5,6,5,4,3,5,2
13,balle,gant,nouns,0,3,3,2,4,0,0,0,0,2
14,mouton,bétail,nouns,4,5,4,4,5,1,3,5,5,4
15,lézard,crocodile,nouns,1,4,3,4,4,4,4,3,2,5
16,ami,invité,nouns,0,4,2,3,4,3,4,2,3,4
17,date,anniversaire,nouns,1,5,4,2,4,1,3,4,2,3
18,voiture,taxi,nouns,4,4,4,4,5,2,5,4,3,5
19,os,dent,nouns,3,4,0,2,5,2,4,4,2,3
20,parapluie,radiateur,nouns,0,2,0,0,0,0,0,0,0,3
21,frustration,colère,nouns,1,4,4,4,5,2,4,4,4,5
22,actif,action,nouns,4,5,5,5,6,2,0,6,1,6
23,action,cours,nouns,1,5,4,3,0,1,0,6,4,2
24,célébration,cérémonie,nouns,5,6,5,6,6,6,4,4,5,6
25,dissertation,devoir,nouns,2,6,4,5,5,4,5,2,4,5
26,circumnavigation,bagage,nouns,1,4,0,1,1,0,0,0,1,2
27,attroupement,foule,nouns,6,6,5,5,6,5,6,6,6,6
28,épaule,tête,nouns,1,4,4,2,4,3,3,2,1,3
29,archer,éclaireur,nouns,0,4,1,1,4,0,2,5,1,4
30,mythe,satire,nouns,0,4,1,2,4,2,0,2,1,4
31,vainqueur,candidat,nouns,1,4,2,3,4,3,3,2,1,3
32,combat,belligérance,nouns,3,6,5,6,4,4,6,2,4,6
33,porte,portail,nouns,5,6,5,4,6,3,4,5,5,5
34,bowling,lanceur,nouns,1,4,2,2,3,0,0,1,0,3
35,circonstance,situation,nouns,5,5,5,6,6,4,5,6,5,5
36,convocation,rassemblement,nouns,2,4,3,2,5,4,3,5,1,4
37,soin,attention,nouns,3,6,5,3,5,5,6,6,5,6
38,gravité,météore,nouns,0,4,2,2,1,0,1,1,0,3
39,dîner,poulet,nouns,0,3,2,0,2,1,3,1,2,3
40,capteur,radiateur,nouns,0,4,1,1,0,0,1,1,0,2
41,pop-corn,cinéma,nouns,0,4,2,2,3,0,1,2,0,4
42,maison,appartement,nouns,5,5,3,3,4,2,5,5,3,5
43,centime,femme,nouns,0,0,0,0,1,0,0,0,0,0
44,mot,littérature,nouns,2,3,3,1,5,1,1,1,2,4
45,balai,poussière,nouns,0,3,3,2,4,1,1,1,1,4
46,snowboard,ski,nouns,3,5,2,4,4,4,5,4,4,5
47,fils,père,nouns,2,5,2,3,4,1,3,2,1,4
48,graine,moutarde,nouns,0,5,3,2,5,3,1,1,3,4
49,chat,lapin,nouns,1,3,1,2,2,1,3,1,1,4
50,biologiste,microscope,nouns,1,4,3,3,3,0,1,2,1,3
51,badge,verre,nouns,0,2,0,2,0,0,0,0,0,1
52,potin,nouvelle,nouns,3,6,5,5,6,4,4,5,4,5
53,dé,cube,nouns,4,5,4,4,6,4,5,5,3,6
54,tour,cloche,nouns,0,4,0,2,3,0,1,2,1,3
55,matériel,étui,nouns,0,3,2,2,1,1,2,2,2,4
56,dieu,prêtre,nouns,1,4,1,3,3,1,1,3,1,3
57,rivière,vallée,nouns,0,4,1,3,4,0,2,2,1,5
58,automobile,voiture,nouns,6,6,6,6,6,6,6,6,6,6
59,mère,épouse,nouns,3,5,3,4,4,5,2,2,1,4
60,arbre,érable,nouns,5,5,3,5,5,5,5,5,4,5
61,riz,garçon,nouns,0,0,0,1,0,0,0,0,0,0
62,type,tombeur,nouns,0,4,1,3,1,4,2,1,1,3
63,port,emballage,nouns,1,4,0,2,2,0,0,0,0,0
64,intelligence,logique,nouns,1,4,4,4,5,4,4,4,4,5
65,journée,matin,nouns,1,4,3,3,4,5,3,3,2,4
66,arme,casque,nouns,0,4,2,2,3,1,2,0,2,3
67,couvent,douche,nouns,0,2,0,0,0,0,0,0,0,0
68,gagnant,présence,nouns,0,2,0,1,0,0,0,0,0,2
69,télévision,cinéma,nouns,3,5,3,2,5,2,4,3,2,4
70,steak,viande,nouns,5,6,3,5,5,5,5,5,5,5
71,piston,moteur,nouns,1,5,2,3,4,4,2,4,3,4
72,virus,sang,nouns,0,5,2,2,4,2,1,1,1,3
73,homme,sentinelle,nouns,1,4,1,2,4,4,2,1,5,3
74,mouton,agneau,nouns,6,5,6,5,4,4,4,4,5,5
75,voiture,autoroute,nouns,2,4,3,2,3,0,2,3,1,3
76,persévérance,force,nouns,1,4,3,5,2,4,4,4,3,5
77,entropie,information,nouns,0,4,0,3,4,2,1,0,2,2
78,bruit,cliquetis,nouns,4,6,3,5,5,5,3,4,5,5
79,argent,salaire,nouns,4,6,5,4,5,4,4,3,5,5
80,enseignant,assistant,nouns,1,4,2,2,2,3,2,1,4,4
81,auteur,créateur,nouns,6,6,5,5,6,3,6,4,5,5
82,papier peint,arrière-plan,nouns,3,4,0,4,5,0,4,5,5,4
83,bière,champagne,nouns,2,3,2,4,4,3,4,3,4,3
84,aptitude,compétence,nouns,6,6,6,6,6,6,6,6,6,6
85,main,poignet,nouns,2,4,4,3,4,3,3,3,3,4
86,chapitre,choix,nouns,0,4,0,1,1,2,0,0,0,0
87,août,mois,nouns,2,5,5,3,3,3,4,3,2,3
88,cours,estomac,nouns,0,2,0,0,0,0,0,0,0,0
89,moine,croix,nouns,1,4,2,2,3,0,0,3,1,3
90,étoile,intensité,nouns,0,4,3,1,2,1,0,0,0,2
91,vision,perception,nouns,5,5,5,5,5,6,4,5,5,5
92,vin,brandy,nouns,4,5,2,4,4,3,4,3,5,3
93,pièce,bain,nouns,1,3,1,1,1,0,1,2,2,3
94,couloir,corridor,nouns,6,6,3,5,6,4,6,6,6,6
95,orange,agrume,nouns,3,5,4,5,4,4,5,5,5,4
96,église,chœur,nouns,1,5,3,2,4,3,1,2,3,3
97,habit,tiroir,nouns,0,3,2,1,2,0,1,1,1,3
98,jour,aube,nouns,5,6,3,5,4,5,4,2,4,3
99,bête,animal,nouns,6,5,4,6,6,4,5,6,6,6
100,pot,bouteille,nouns,1,5,2,4,4,2,2,3,3,5
101,rivière,mer,nouns,2,5,2,2,3,2,4,2,2,4
102,fait,perspicacité,nouns,0,4,2,0,0,1,0,0,0,3
103,tribunal,justice,nouns,3,5,4,4,5,3,3,2,3,5
104,passé,antécédent,nouns,6,6,4,5,5,4,5,5,5,4
105,globalisation,visa,nouns,1,3,2,1,1,0,1,1,0,2
106,monstre,démon,nouns,4,5,5,4,5,5,4,5,5,5
107,avocat,banquier,nouns,1,3,2,2,3,1,2,1,0,3
108,cuillère,tasse,nouns,1,4,2,2,3,1,2,1,1,2
109,seconde,minute,nouns,3,4,3,4,3,3,5,2,2,3
110,bonheur,tristesse,nouns,1,1,3,2,2,2,4,2,1,1
111,galaxie,astronome,nouns,1,4,3,2,4,0,1,1,1,2
112,ouvrier,appareil photo,nouns,0,1,0,0,0,0,0,0,0,0
113,rein,organe,nouns,5,5,4,4,4,4,4,3,4,5
114,football,football américain,nouns,2,5,5,5,4,4,5,4,4,4
115,mec,fille,nouns,0,2,3,1,3,1,5,2,1,3
116,garçon,frère,nouns,1,4,2,3,4,3,3,2,2,3
117,échange,remplacement,nouns,4,6,6,6,6,6,5,6,4,5
118,poète,journaliste,nouns,0,3,1,2,2,1,3,1,1,4
119,reste,différence,nouns,2,3,4,2,3,4,3,2,5,2
120,vache,chèvre,nouns,1,3,3,3,2,2,4,2,2,4
121,parlement,congrès,nouns,4,5,4,4,4,4,4,4,5,3
122,plaisir,football,nouns,0,1,1,0,1,1,0,0,0,3
123,richesse,pauvreté,nouns,0,2,3,1,2,1,4,2,1,3
124,taxi,autobus,nouns,1,3,3,3,2,4,5,3,3,4
125,alcool,gin,nouns,5,4,4,3,3,4,5,2,4,4
126,coeur,chirurgie,nouns,2,4,3,1,2,1,1,1,1,2
127,élégance,style,nouns,6,6,6,4,5,5,5,3,4,4
128,bétail,boeuf,nouns,5,5,4,5,5,4,4,4,5,4
129,tâche,autoroute,nouns,0,1,0,0,0,0,0,0,0,0
130,nuit,jour,nouns,1,2,3,1,2,2,5,3,1,4
131,réceptacle,souris,nouns,0,1,0,0,0,0,0,0,0,0
132,jeu,tour,nouns,3,4,0,3,2,3,1,2,3,3
133,bétail,yaourt,nouns,0,0,0,0,1,0,0,0,0,2
134,autruche,verger,nouns,0,0,1,0,0,0,0,0,0,0
135,peuple,ballon,nouns,0,0,0,0,0,0,0,0,0,0
136,porte,cuisine,nouns,0,2,1,0,2,2,2,0,0,0
137,affaire,industrie,nouns,4,4,3,4,3,1,2,1,3,4
138,pollution,président,nouns,0,2,1,0,1,0,0,1,0,0
139,mer,océan,nouns,5,5,5,5,4,3,5,5,6,5
140,chapelle,câble,nouns,0,1,0,0,0,0,0,0,0,0
141,habit,bouton,nouns,3,3,2,2,4,2,2,1,1,2
142,pont,souris,nouns,0,1,0,0,0,0,0,0,0,0
143,déni,confession,nouns,0,3,2,2,1,1,4,0,1,3
144,ballon,canon,nouns,0,1,0,0,0,4,1,3,0,0
145,fille,enfant,nouns,3,4,1,2,3,5,4,2,4,4
146,anatomie,biologie,nouns,4,5,1,3,4,4,4,3,2,4
147,yaourt,miel,nouns,1,4,1,2,2,1,4,2,1,2
148,maison,grange,nouns,1,4,2,2,4,1,4,3,2,2
149,dîner,soupe,nouns,2,5,2,3,4,3,4,2,3,4
150,accident,catastrophe,nouns,3,6,5,6,5,6,4,3,5,5
151,courbe,angle,nouns,1,5,2,2,3,2,4,2,2,3
152,personnage,personne,nouns,5,6,4,5,6,3,5,4,5,4
153,basket,baseball,nouns,1,4,3,4,4,2,4,2,3,4
154,symbole,signe,nouns,6,5,5,6,6,6,5,6,5,5
155,roi,princesse,nouns,2,4,3,3,4,3,4,3,2,5
156,couple,paire,nouns,6,6,6,5,6,6,5,6,6,6
157,photophone,homophone,nouns,0,4,0,0,0,0,0,1,0,0
158,cible,flèche,nouns,1,4,3,3,3,3,1,2,2,4
159,prêtre,moine,nouns,5,6,6,5,5,5,4,4,5,5
160,étudiant,élève,nouns,6,6,6,4,6,5,6,6,6,6
161,bébé,fille,nouns,0,4,1,3,3,4,4,2,2,3
162,pomme,sauce,nouns,0,4,1,2,1,1,2,1,1,2
163,prince,roi,nouns,5,5,5,4,4,3,4,4,4,5
164,présence,porte,nouns,0,2,1,0,0,0,0,0,0,0
165,lit,canapé,nouns,3,4,3,4,3,4,4,3,3,3
166,geyser,source,nouns,3,5,3,4,4,5,3,4,4,4
167,chiffre,nombre,nouns,5,6,6,5,5,5,5,4,5,6
168,hashtag,sujet,nouns,2,6,0,4,4,3,4,3,4,4
169,confiance,soi,nouns,0,4,4,2,1,1,2,1,1,2
170,docteur,orthodontiste,nouns,4,4,3,4,4,4,4,2,4,3
171,prison,choix,nouns,0,2,0,0,0,0,0,1,0,0
172,voiture,ascenseur,nouns,1,2,0,1,0,0,1,2,0,0
173,appareil photo,président,nouns,0,0,0,0,0,0,0,1,0,0
174,infection,inflexion,nouns,0,1,0,1,0,0,0,1,0,0
175,semis,feuille,nouns,1,4,0,0,2,1,1,1,1,3
176,condensateur,diode,nouns,1,4,0,3,3,0,3,3,1,1
177,raquette,balle,nouns,1,4,3,2,3,2,1,3,1,3
178,papier,carton,nouns,4,4,5,4,4,3,4,4,4,5
179,démon,ange,nouns,1,2,3,0,2,2,4,2,1,4
180,lit,chaise,nouns,1,3,1,2,2,1,4,2,2,3
181,or,zinc,nouns,2,3,1,3,2,2,4,3,3,3
182,couffin,berceau,nouns,6,6,6,5,6,5,6,6,6,6
183,fonction,compilateur,nouns,1,4,0,3,2,4,2,2,2,0
184,papa,mère,nouns,0,3,3,2,2,4,4,3,4,4
185,parade,défilé,nouns,6,6,6,6,6,5,6,6,6,6
186,maladie,infection,nouns,4,5,5,5,6,5,4,4,5,5
187,corps,estomac,nouns,3,4,3,3,2,2,2,3,3,4
188,chat,animal de compagnie,nouns,3,5,5,4,4,5,4,4,4,4
189,vaisseau,veine,nouns,6,5,3,6,5,5,5,5,4,4
190,mère,gardien,nouns,1,3,0,3,1,0,1,1,1,2
191,vexillologie,drapeau,nouns,5,5,0,0,5,3,1,3,2,5
192,sentiment,intuition,nouns,5,5,0,4,5,6,3,3,5,4
193,atome,carbone,nouns,3,4,3,2,4,3,4,2,3,3
194,opéra,cinéma,nouns,4,5,3,3,3,2,4,3,3,4
195,hymne,paille,nouns,0,2,0,0,0,0,0,0,0,0
196,logique,arithmétique,nouns,4,5,4,4,5,3,4,3,4,4
197,matrice,vecteur,nouns,2,5,3,4,4,3,5,4,4,3
198,pomme,soleil,nouns,0,2,0,1,1,0,1,0,0,1
199,magistrat,juge,nouns,5,6,6,5,4,4,4,6,6,5
200,ongle,pouce,nouns,2,4,3,3,3,3,2,3,2,3
201,dollar,millionnaire,nouns,1,4,2,2,2,1,1,3,1,3
202,affectation,tâche,nouns,5,4,4,4,1,4,2,1,2,3
203,sculpture,statue,nouns,6,6,6,6,5,4,4,5,6,4
204,ouvrier,mécanicien,nouns,2,5,3,4,4,5,3,2,4,4
205,idée,schéma,nouns,1,4,3,4,2,2,3,2,4,3
206,protéine,poignée,nouns,0,2,0,0,0,0,0,0,0,0
207,avionique,aéronautique,nouns,6,6,3,6,5,3,4,3,5,5
208,mètre,yard,nouns,2,5,4,4,5,4,4,4,3,5
209,vêtement,tissu,nouns,2,4,4,3,4,4,3,3,2,3
210,archevêque,évêque,nouns,5,6,5,5,4,4,5,4,4,5
211,canyon,vallée,nouns,2,6,3,5,5,3,4,3,6,5
212,fleur,buisson,nouns,1,5,2,3,2,3,4,2,3,3
213,xénophobie,racisme,nouns,4,6,5,6,6,6,5,5,5,6
214,lit,berceau,nouns,2,5,3,5,4,5,4,4,5,4
215,pistolet,couteau,nouns,1,4,3,3,2,4,4,3,2,3
216,orage,ouragan,nouns,3,4,4,4,3,4,3,3,5,3
217,carte mère,carte graphique,nouns,2,5,4,5,2,4,4,3,3,4
218,pathologie,hématologie,nouns,2,5,2,2,3,5,2,2,1,3
219,ciel,univers,nouns,1,5,3,4,3,3,3,2,4,3
220,homme,mari,nouns,4,5,3,4,4,6,4,2,5,4
221,affiche,papier,nouns,3,5,4,2,4,4,3,2,3,4
222,article,journal,nouns,3,5,5,2,4,5,4,3,3,4
223,altitude,conversion,nouns,0,2,0,0,0,0,1,1,0,0
224,milliardaire,sans abri,nouns,0,1,2,1,1,1,4,1,1,3
225,riz,haricot,nouns,1,3,3,1,2,2,4,2,1,3
226,chaise,banc,nouns,3,3,3,4,4,3,5,3,4,4
227,effort,difficulté,nouns,4,4,5,3,4,3,3,3,3,4
228,bouche,dent,nouns,2,3,4,3,3,4,2,3,3,3
229,suffixe,affixe,nouns,2,3,3,5,4,5,5,5,3,5
230,oiseau,dinde,nouns,4,4,3,3,2,4,4,4,4,4
231,calendrier,vacances,nouns,1,3,4,1,2,3,2,3,1,3
232,préjudice,chauvin,nouns,2,1,0,0,0,0,0,2,0,0
233,vélo,chambre à coucher,nouns,0,1,0,0,0,0,0,0,0,0
234,bonheur,paix,nouns,3,3,4,2,3,4,2,5,3,4
235,canapé,chaise,nouns,3,3,4,3,3,3,4,4,4,4
236,vêtement,penderie,nouns,1,3,5,3,2,1,3,3,3,3
237,père,dieu,nouns,1,4,1,3,1,2,5,2,6,2
238,pollution,atmosphère,nouns,2,5,3,2,2,2,2,2,2,3
239,vitamine,fer,nouns,4,4,1,2,2,3,4,2,1,4
240,pièce,cellule,nouns,4,4,2,3,4,4,4,5,3,3
241,école,droit,nouns,3,3,0,0,2,2,1,2,1,3
242,empereur,gouverneur,nouns,5,5,2,3,2,3,4,4,4,5
243,dîner,petit déjeuner,nouns,4,4,3,3,3,3,5,3,2,4
244,acoustique,son,nouns,4,5,5,4,4,5,2,5,5,5
245,prince,biscuit,nouns,4,6,0,0,1,3,4,1,0,0
246,chimie,théorie,nouns,1,3,3,1,2,1,2,1,0,4
247,communication,télévision,nouns,2,4,2,3,2,3,2,3,2,3
248,neige,glace,nouns,4,4,5,3,5,4,5,4,5,4
249,livre,sujet,nouns,0,3,2,1,1,1,1,1,1,3
250,pierre,bois,nouns,1,3,2,1,1,2,4,1,1,2
251,repas,dîner,nouns,3,4,5,3,4,5,4,5,5,4
252,duché,principauté,nouns,5,5,6,5,3,4,3,4,4,5
253,céramique,poterie,nouns,6,4,6,5,4,3,4,5,6,4
254,moulin,grain,nouns,1,4,4,2,2,2,1,3,1,3
255,alphabet,stylo,nouns,0,3,3,1,1,0,0,2,0,1
256,chauffeur,pilote,nouns,5,6,4,5,5,2,4,5,4,4
257,nuit,chapitre,nouns,0,2,0,0,0,0,0,0,0,0
258,météo,vague,nouns,0,2,1,0,1,0,0,2,1,2
259,argent,perle,nouns,0,2,3,1,2,1,1,2,0,4
260,salle de bain,chambre à coucher,nouns,1,3,4,1,2,3,3,2,2,5
261,os,cheville,nouns,0,4,2,1,2,2,3,3,3,3
262,planète,étoile,nouns,6,4,4,2,2,3,4,2,5,4
263,style,mode,nouns,5,5,5,4,4,2,3,6,6,5
264,rue,ruelle,nouns,6,5,5,4,4,5,5,5,5,5
265,attention,conscience,nouns,3,3,3,5,1,4,5,3,4,4
266,langue,gorge,nouns,2,3,3,2,2,2,3,3,1,3
267,dinosaure,éléphant,nouns,0,3,2,2,1,2,3,1,1,2
268,accident,urgence,nouns,2,5,5,4,3,1,2,4,2,3
269,voyage,conquête,nouns,2,4,4,3,2,4,3,2,2,3
270,tâche,travail,nouns,4,6,4,5,6,4,4,5,5,4
271,homme,père,nouns,2,5,3,3,3,5,3,4,1,4
272,femme,homme,nouns,2,4,3,2,1,4,4,2,1,5
273,lit,chambre à coucher,nouns,2,4,5,3,2,3,2,3,2,4
274,plage,récif,nouns,3,3,4,2,3,1,2,2,2,3
275,plage,côte,nouns,4,4,4,4,3,3,4,4,4,4
276,tennis,statistique,nouns,0,2,0,0,1,0,0,1,0,1
277,organe,foie,nouns,3,4,3,2,3,4,4,4,2,4
278,richesse,renommée,nouns,2,3,4,3,1,1,3,2,3,3
279,valeur,taux,nouns,2,4,5,5,3,4,4,5,3,5
280,sous-vêtement,corps,nouns,0,3,4,1,1,1,1,3,0,3
281,avocat,juriste,nouns,2,6,4,4,5,4,5,4,5,4
282,acétylcholine,iris,nouns,0,,0,2,1,1,0,1,0,2
283,lac,marais,nouns,3,4,2,4,3,2,4,2,2,4
284,lampe,génie,nouns,0,4,3,2,2,2,1,1,0,4
285,serviteur,esclave,nouns,4,4,6,4,2,4,5,5,4,5
286,marine,armée,nouns,5,5,4,3,4,2,5,4,3,4
287,bas,côté,nouns,3,3,2,2,1,1,3,4,1,4
288,boîte,chapeau,nouns,0,3,3,2,1,1,0,1,0,2
289,molécule,atome,nouns,5,5,5,4,2,3,4,4,3,5
290,main,pouce,nouns,2,4,4,3,2,4,3,3,2,4
291,enseignant,rabbin,nouns,0,3,3,3,0,1,2,1,3,3
292,lac,nuage,nouns,0,1,2,1,0,1,1,1,0,1
293,garçon,gosse,nouns,3,6,6,4,4,4,4,4,5,4
294,ordinateur,machine,nouns,5,5,4,4,4,5,4,4,6,5
295,trou,femme,nouns,0,0,1,1,0,0,0,0,0,0
296,école,classe,nouns,3,5,4,3,3,4,4,3,5,5
297,mouche,fourmi,nouns,1,3,4,2,1,3,4,2,1,4
298,vêtement,manteau,nouns,3,4,4,3,3,3,4,3,4,4
299,sang,moelle,nouns,2,3,3,4,2,2,3,2,1,3
300,agonie,chagrin,nouns,0,3,4,2,2,2,2,4,2,4
301,théorème,théorie,nouns,3,5,4,2,5,5,4,4,5,5
302,pomme,confiserie,nouns,0,3,2,1,1,3,2,1,2,3
303,bois,papier,nouns,2,3,3,2,2,4,4,1,2,3
304,discussion,débat,nouns,4,6,5,5,5,6,5,5,6,5
305,poulet,steak,nouns,1,3,2,2,1,4,5,1,2,3
306,fraternité,porte,nouns,0,0,0,0,0,0,0,0,0,0
307,pièce,lit,nouns,0,3,1,1,1,2,1,1,0,1
308,union,somme,nouns,3,3,0,4,5,4,3,4,4,4
309,alcool,cocktail,nouns,4,4,4,3,3,3,4,4,3,5
310,honoraire,salaire,nouns,5,5,4,5,5,4,5,4,5,4
311,sœur,frère,nouns,1,3,4,2,2,4,5,3,2,5
312,typhon,cyclone,nouns,3,6,5,6,4,5,5,5,6,5
313,écrivain,don,nouns,0,0,0,1,0,0,0,0,0,4
314,montagne,corniche,nouns,0,2,2,3,2,2,2,0,3,4
315,bouteille,récipient,nouns,5,4,3,5,4,4,4,4,4,5
316,bol,queue,nouns,0,1,0,0,0,0,0,0,0,0
317,canonnière,côte,nouns,0,2,0,0,1,0,1,0,0,0
318,jupe,montre,nouns,0,1,1,0,0,1,2,0,0,2
319,eau,sel,nouns,0,3,2,1,0,1,2,0,1,3
320,population,personne,nouns,4,5,4,4,6,4,2,4,5,5
321,mot,page,nouns,1,3,3,3,3,2,2,2,2,2
322,note,devoir,nouns,0,3,3,3,3,3,2,2,3,4
323,chef,manager,nouns,0,6,5,5,5,5,4,5,5,6
324,pull-over,veste,nouns,5,4,3,3,1,4,4,4,4,5
325,nez,tête,nouns,1,4,3,2,3,3,3,3,2,3
326,jeu,action,nouns,2,5,2,4,4,5,1,2,3,4
327,câble,corde,nouns,2,5,4,5,5,5,5,5,4,5
328,cogitation,télescope,nouns,0,0,0,0,0,0,0,0,0,1
329,combinaison,union,nouns,5,3,0,5,6,5,4,6,6,4
330,actrice,acteur,nouns,6,5,3,4,5,5,5,5,5,5
331,rabbin,ministre,nouns,0,1,0,3,0,1,2,1,4,3
332,copain,compagnon,nouns,6,6,4,5,6,4,5,6,6,5
333,créateur,fabricant,nouns,5,5,4,4,6,5,6,5,6,5
334,lit,couverture,nouns,0,4,3,2,3,3,2,2,1,4
335,branche,bras,nouns,0,4,0,4,1,0,3,1,4,0
336,légion,honneur,nouns,0,3,3,2,1,3,0,2,1,4
337,avion,jet,nouns,6,5,5,4,5,4,4,5,5,0
338,homme,vainqueur,nouns,0,3,1,1,2,2,1,1,0,2
339,ananas,smartphone,nouns,0,0,0,0,0,0,0,0,0,0
340,assiette,bol,nouns,1,4,3,1,1,2,5,4,3,5
341,herbe,mousse,nouns,1,4,3,2,2,3,3,2,4,4
342,république,duc,nouns,0,2,1,0,0,0,1,0,1,1
343,lait,jus,nouns,0,3,1,2,1,3,4,3,2,4
344,enseignant,professeur,nouns,6,6,6,6,6,6,6,6,6,6
345,népotisme,roi,nouns,1,3,2,1,3,3,1,1,2,5
346,oiseau,faucon,nouns,4,4,3,4,4,4,4,4,5,5
347,vallée,dépression,nouns,0,3,0,3,0,3,0,0,3,0
348,machine,moteur,nouns,3,5,4,4,3,4,3,2,4,3
349,personne,centime,nouns,0,1,0,0,0,0,0,0,0,0
350,ouvrier,bureau,nouns,0,3,1,1,0,2,0,0,0,2
351,cryptogramme,symbole,nouns,5,5,5,3,4,4,4,4,5,5
352,appartement,meuble,nouns,0,3,3,2,1,3,2,2,1,3
353,boîte,cigare,nouns,0,3,3,1,1,1,0,1,1,3
354,désert,dune,nouns,1,5,4,4,3,4,3,2,3,4
355,citron,thé,nouns,0,4,2,1,1,2,1,1,1,3
356,chêne,érable,nouns,3,4,3,3,2,5,5,2,4,4
357,flûte,musique,nouns,1,4,3,3,3,3,3,2,2,3
358,argent,liquide,nouns,2,3,4,4,2,5,5,3,6,5
359,sourcil,œil,nouns,1,5,3,2,2,3,2,2,3,2
360,épargne,épargnant,nouns,1,4,3,2,4,4,2,4,1,4
361,hanche,lèvre,nouns,1,3,0,0,0,3,0,1,1,2
362,magma,volcan,nouns,0,4,3,3,2,1,2,3,2,5
363,pipe,cigare,nouns,3,4,3,3,2,3,5,2,3,4
364,anthropologie,archéologie,nouns,1,3,4,4,2,4,3,2,1,4
365,colline,falaise,nouns,3,2,2,3,3,3,3,2,5,3
366,jeu,amusement,nouns,3,5,4,4,6,5,5,5,6,5
367,profondeur,magnitude,nouns,1,3,1,2,3,3,3,0,2,0
368,frère,âme,nouns,0,2,0,2,0,1,1,0,0,0
369,préjugé,opinion,nouns,2,5,6,3,5,4,5,2,4,4
370,rythme,mélodie,nouns,3,4,6,3,4,5,4,3,4,5
371,formule,registre,nouns,1,4,1,2,0,4,0,1,4,1
372,évêque,musulman,nouns,0,3,1,2,1,3,3,0,1,2
373,vêtement,veste,nouns,3,4,2,3,2,4,4,3,5,4
374,nez,bouche,nouns,1,4,3,2,2,3,4,3,1,3
375,brin,fil,nouns,1,4,4,4,1,3,1,5,6,5
376,voie-rapide,route,nouns,4,5,3,4,4,4,3,2,5,4
377,pesticide,parasite,nouns,0,4,3,2,1,3,1,2,1,4
378,tasse,bocal,nouns,1,4,2,2,2,4,3,3,3,4
379,rue,voiture,nouns,0,3,3,1,1,1,1,1,0,2
380,capitaine,marin,nouns,0,5,4,2,4,4,3,3,5,4
381,théorie,hypothèse,nouns,6,4,4,3,5,6,4,6,6,5
382,orthodontiste,dentiste,nouns,5,5,5,6,4,5,4,5,6,5
383,chargeur,disque,nouns,0,3,0,2,0,2,2,0,1,2
384,joue,langue,nouns,1,3,3,1,1,3,2,2,1,3
385,soldat,paix,nouns,0,3,2,2,0,2,1,1,0,3
386,film,théâtre,nouns,2,4,2,1,3,2,4,2,2,3
387,cancer,maladie,nouns,3,5,3,4,4,5,5,4,5,4
388,club,société,nouns,1,6,5,4,4,4,4,1,6,4
389,attitude,confiance,nouns,0,4,0,3,0,3,2,2,4,5
390,vélo,revêtement,nouns,0,1,2,1,0,0,0,0,0,0
391,criminalité,attaque,nouns,0,5,3,2,4,0,3,2,2,3
392,queue,arrière,nouns,4,4,2,1,1,1,5,4,4,4
393,sergent,pistolet,nouns,0,3,2,1,1,0,1,1,0,2
394,trou,accord,nouns,0,0,0,0,0,0,0,0,0,0
395,enfant,garçon,nouns,4,6,4,4,3,5,4,3,5,4
396,tête,ongle,nouns,0,3,0,0,1,2,1,1,1,3
397,livre,article,nouns,0,4,3,1,4,3,4,2,3,4
398,livre,texte,nouns,3,4,4,5,4,4,4,3,4,5
399,bible,hymne,nouns,0,1,0,1,0,1,0,0,2,2
400,femme,paille,nouns,0,0,0,0,0,0,0,0,0,0
401,raquette,bruit,nouns,0,1,1,0,0,0,0,0,0,1
402,semestre,trimestre,nouns,3,5,4,4,4,3,5,3,4,5
403,tâche,paille,nouns,0,0,0,0,0,0,0,0,0,0
404,herbe,lame,nouns,0,0,1,1,0,0,0,0,0,0
405,lit,meuble,nouns,3,5,1,2,3,4,4,2,4,4
406,guitare,batterie,nouns,0,4,3,2,2,3,4,2,2,4
407,aéroport,pièce,nouns,0,0,0,0,0,1,1,0,0,0
408,fleur,bulbe,nouns,1,5,3,2,3,2,3,1,4,4
409,carte,graphique,nouns,0,4,3,2,1,2,0,0,4,4
410,circoncision,prépuce,nouns,0,5,3,2,2,4,1,2,1,3
411,huile,vison,nouns,0,1,0,0,0,0,0,0,0,1
412,adulte,bébé,nouns,0,3,2,1,2,3,4,2,1,4
413,juge,tribunal,nouns,0,4,3,4,3,4,4,3,5,3
414,infraction,violation,nouns,4,6,4,5,5,5,6,6,6,6
415,whisky,champagne,nouns,2,5,3,3,2,3,5,3,3,4
416,manuel,guide,nouns,6,6,5,5,6,5,5,6,6,6
417,accident,registre,nouns,0,2,1,1,1,1,0,0,0,0
418,étain,métal,nouns,2,5,3,3,3,3,5,3,4,5
419,mode,haute-couture,nouns,5,5,3,6,4,5,4,3,5,5
420,apocalypse,feu,nouns,1,5,3,2,1,1,1,0,0,3
421,clavier,lumière,nouns,0,1,1,0,0,0,0,0,0,0
422,frère,fils,nouns,1,3,1,1,3,4,4,2,1,4
423,ouvrier,employeur,nouns,0,4,2,2,2,3,1,2,1,4
424,préchauffage,réchauffage,nouns,2,4,3,3,3,4,4,5,4,5
425,chapitre,queue,nouns,0,0,0,0,0,0,0,0,0,0
426,mort,catastrophe,nouns,0,4,5,1,4,2,1,2,3,5
427,mur,décoration,nouns,0,4,3,1,3,1,2,1,1,3
428,atmosphère,ozone,nouns,5,4,4,3,4,4,4,4,5,4
429,alcool,groupe,nouns,0,1,1,0,0,0,0,0,0,1
430,volonté,intention,nouns,6,6,5,5,6,5,5,6,6,6
431,réalité,illusion,nouns,0,4,3,2,1,3,4,2,1,3
432,moteur,bateau,nouns,0,4,3,2,3,1,1,1,1,2
433,décomposition,factorisation,nouns,2,3,3,3,1,5,5,3,1,4
434,sonnette,porte,nouns,1,4,3,2,2,3,1,2,2,3
435,masque,fête,nouns,0,4,2,1,2,4,1,2,0,3
436,plage,île,nouns,1,4,3,1,2,4,4,2,1,4
437,château,sculpteur,nouns,0,3,1,0,1,0,0,0,0,1
438,application,galaxie,nouns,0,1,0,1,0,0,0,0,0,0
439,mort,tragédie,nouns,2,4,5,2,4,3,1,2,5,5
440,électricité,boîtier,nouns,0,3,2,2,1,2,1,0,1,1
441,livre,bible,nouns,3,5,2,4,3,4,5,2,5,4
442,crayon,histoire,nouns,0,2,0,0,0,0,1,1,0,0
443,nuage,fenêtre,nouns,0,2,2,1,0,1,1,1,0,0
444,sécheresse,eau,nouns,0,4,3,2,1,3,2,2,1,2
445,pièce de monnaie,paiement,nouns,1,5,2,3,5,4,3,3,2,4
446,réalisateur,cinématographie,nouns,1,4,3,2,4,1,1,3,1,4
447,fleur,violette,nouns,3,5,3,3,4,4,4,3,5,4
448,cousin,oncle,nouns,1,4,3,2,2,4,4,3,2,4
449,réinhumation,tombe,nouns,2,4,2,3,2,3,1,2,1,3
450,chanson,interprète,nouns,1,4,4,2,2,3,1,2,1,4
451,policier,politicien,nouns,0,3,2,1,1,2,1,1,1,4
452,niveau,résultat,nouns,0,4,3,4,0,5,4,0,2,3
453,valeur,croyance,nouns,4,4,0,3,2,0,4,3,5,5
454,règle,usage,nouns,4,5,4,4,2,6,5,5,6,6
455,saccharose,glucide,nouns,5,5,5,5,4,5,4,5,5,5
456,coucher de soleil,soir,nouns,1,5,4,4,2,5,4,2,4,5
457,procès,jugement,nouns,5,6,4,5,6,6,6,6,6,5
458,honneur,estime,nouns,1,5,5,5,4,5,3,3,4,4
459,avion,aéroport,nouns,1,4,3,2,4,4,2,2,2,3
460,blizzard,pluie,nouns,2,4,3,3,3,4,3,2,3,4
461,faillite,échec,nouns,5,5,4,5,4,5,5,6,6,5
462,boîte,cabine,nouns,1,0,2,3,0,3,3,3,3,2
463,tâche,femme,nouns,0,0,1,0,0,0,0,0,0,0
464,preuve,fait,nouns,3,4,5,4,5,2,4,4,4,5
465,entraîneur,joueur,nouns,1,3,3,2,2,4,3,2,2,4
466,foie,poumon,nouns,2,3,3,2,2,4,4,2,1,3
467,gorge,nez,nouns,2,3,3,3,2,3,4,2,1,3
468,motel,auberge,nouns,3,4,3,4,5,5,4,6,5,4
469,pot,dispositif,nouns,0,1,0,0,0,0,0,0,0,0
470,guitare,violon,nouns,2,3,3,3,2,4,4,3,2,4
471,force,puissance,nouns,6,6,4,6,6,5,6,6,6,5
472,discussion,accord,nouns,2,3,4,3,4,4,3,3,4,4
473,dieu,proie,nouns,0,0,0,0,0,0,0,0,1,0
474,trône,épée,nouns,0,1,2,1,1,1,0,1,0,3
475,oeuvre,artiste,nouns,1,3,4,2,4,3,2,2,1,3
476,centime,taille,nouns,0,0,0,0,0,1,0,0,0,0
477,menthe,musée,nouns,0,0,0,0,0,0,0,0,0,0
478,succès,cadre,nouns,0,0,0,0,0,0,0,0,0,2
479,oiseau,poule,nouns,2,4,2,2,2,4,4,3,4,3
480,pistolet,canon,nouns,1,3,3,2,4,3,4,3,4,4
481,delta,mer,nouns,0,4,3,1,2,3,3,2,3,2
482,suprématie,omnipotence,nouns,3,4,5,5,5,5,5,6,5,5
483,Week-end,course,nouns,0,2,1,0,0,1,0,0,0,1
484,criquet,supporter,nouns,0,1,2,1,1,1,0,1,0,0
485,sultan,ministère,nouns,0,1,0,1,1,1,2,1,0,3
486,programme,examen,nouns,2,3,3,1,2,2,1,0,1,3
487,infraction,fraude,nouns,3,6,4,5,4,4,4,4,5,6
488,employeur,employé,nouns,2,4,3,2,2,4,4,3,1,4
489,verre,cristal,nouns,2,4,3,4,4,3,4,4,4,3
490,voiture,tuyau,nouns,0,1,1,0,0,0,0,0,0,0
491,sol,plafond,nouns,0,3,2,1,2,3,4,1,1,4
492,os,mâchoire,nouns,2,4,2,2,3,2,3,2,3,4
493,cytoplasme,chiffre,nouns,0,0,0,0,0,0,0,0,0,0
494,brèche,ouverture,nouns,6,5,5,6,6,5,5,6,6,4
495,théâtre,batterie,nouns,0,1,0,0,0,0,0,0,0,0
496,alcool,vin,nouns,3,4,3,5,4,4,4,3,3,3
497,mort,enterrement,nouns,1,5,4,4,3,4,3,3,3,4
498,houille,charbon,nouns,2,6,3,6,6,6,5,1,6,5
499,corps,poitrine,nouns,1,3,3,2,2,4,3,2,2,3
500,compétence,aptitude,nouns,6,5,5,6,6,6,6,6,6,6
501,protestant,chrétien,nouns,3,5,3,2,2,4,4,4,5,5
502,maison,tapis,nouns,0,2,2,1,1,2,1,1,1,2
503,faute,système,nouns,0,2,1,1,0,0,0,0,0,0
504,moteur,turbine,nouns,1,5,4,6,4,2,3,3,5,4
505,procureur,avocat,nouns,1,3,4,4,2,4,3,2,3,5
506,danger,menace,nouns,6,6,4,5,5,6,6,6,6,6
507,mot,dictionnaire,nouns,1,4,3,2,4,4,1,2,2,4
508,veau,taureau,nouns,3,3,3,4,2,4,4,1,3,4
509,baignoire,femme,nouns,0,0,1,0,0,0,0,0,0,0
510,crochet,uniforme,nouns,0,1,0,0,0,0,0,0,0,0
511,croyance,fleur,nouns,0,0,0,0,0,0,0,0,0,0
512,poule,dinde,nouns,3,3,3,4,2,4,4,2,5,4
513,racine,herbe,nouns,2,3,3,3,3,2,2,2,3,3
514,intelligence,perspicacité,nouns,1,5,5,5,5,5,5,5,5,4
515,nature,flore,nouns,2,3,3,4,4,5,4,3,6,4
516,blitz,attaque,nouns,1,2,3,4,2,4,6,2,0,5
517,alcool,cognac,nouns,2,4,3,5,3,4,4,3,4,4
518,papillon,rose,nouns,0,0,1,1,1,2,0,1,0,1
519,haricot,café,nouns,0,1,0,0,0,2,1,1,0,2
520,engrais,croissance,nouns,0,4,3,2,2,3,1,2,1,3
521,ballon,sphère,nouns,2,3,2,3,2,3,3,5,3,3
522,historien,historiographe,nouns,1,6,4,6,4,5,4,4,5,4
523,hymne,conquête,nouns,0,2,3,2,0,0,0,0,0,1
524,alcool,whisky,nouns,2,4,3,4,3,4,4,3,4,4
525,matrice,molécule,nouns,0,1,1,0,0,1,1,0,0,0
526,nuage,brume,nouns,2,5,4,3,2,4,3,3,3,5
527,chauve-souris,vampire,nouns,1,5,2,5,3,2,3,2,3,4
528,choix,élection,nouns,3,4,4,4,3,4,3,4,5,4
529,boeuf,viande,nouns,2,4,3,4,4,4,4,2,5,4
530,amant,compagnon,nouns,4,4,4,4,4,5,4,4,5,5
531,médecin,docteur,nouns,6,6,5,6,6,6,6,6,6,5
532,voyage,promenade,nouns,3,3,3,4,5,5,3,2,5,5
533,émotion,passion,nouns,2,4,4,4,4,4,4,3,4,5
534,médecin,caractère,nouns,0,0,0,0,0,0,0,0,0,0
535,topologie,structure,nouns,1,4,2,5,4,3,5,5,4,4
536,patient,session,nouns,0,0,0,1,0,0,0,1,0,0
537,drapeau,mât,nouns,1,3,2,2,2,1,2,3,1,3
538,rythme,cadence,nouns,5,6,5,6,6,6,6,6,6,6
539,suffrage,sortie,nouns,0,2,0,0,0,3,0,0,0,1
540,livre,manuscrit,nouns,2,4,4,4,6,5,5,4,6,4
541,ignorance,intelligence,nouns,0,3,3,1,2,3,4,2,1,3
542,bacon,haricot,nouns,0,1,1,1,1,3,3,1,1,1
543,lycée,cours,nouns,2,4,2,2,2,5,2,3,3,4
544,polyester,coton,nouns,2,3,2,2,1,4,4,1,3,3
545,grippe,fièvre,nouns,1,4,3,3,3,4,5,3,3,3
546,bras,épaule,nouns,1,4,3,3,2,4,3,3,2,4
547,dollar,personne,nouns,0,0,0,0,0,0,0,1,0,0
548,richesse,prestige,nouns,4,3,4,1,0,2,3,3,3,4
549,vache,bétail,nouns,5,4,3,4,5,4,4,3,5,4
550,cheval,jument,nouns,5,5,3,4,3,5,4,5,6,5
551,sortie,porte,nouns,2,4,3,1,2,4,3,4,6,4
552,mutant,sociobiologie,nouns,0,1,0,0,1,0,0,1,0,2
553,marteau,dent,nouns,0,0,0,0,0,0,0,0,0,0
554,criminel,délinquant,nouns,2,6,4,6,6,6,4,5,6,5
555,tradition,artisanat,nouns,2,2,4,1,4,5,2,2,5,5
556,parent,adulte,nouns,3,3,4,3,4,5,4,4,4,4
557,intelligence,compétence,nouns,2,3,4,4,4,5,4,3,4,4
558,mot,indice,nouns,1,3,2,1,1,4,1,0,1,2
559,gagnant,objectif,nouns,0,2,2,1,1,3,0,1,0,3
560,religion,laïc,nouns,0,3,3,1,1,3,1,2,1,4
561,basilique,mosaïque,nouns,0,2,2,0,1,1,0,0,0,2
562,astuce,taille,nouns,0,0,0,0,0,0,0,0,0,0
563,diplomatie,négociation,nouns,4,5,3,4,5,4,1,3,5,4
564,bourrasque,vent,nouns,3,5,4,4,6,5,5,0,5,5
565,salle de cours,couloir,nouns,0,2,2,0,2,1,2,0,1,2
566,surface,zone,nouns,1,4,2,4,6,4,3,2,6,5
567,ruelle,bol,nouns,0,0,0,0,0,0,0,0,0,0
568,étain,aluminium,nouns,1,3,2,3,1,3,4,2,3,4
569,extraterrestre,étranger,nouns,4,3,3,3,3,4,5,3,3,3
570,bourse d'étude,frais de scolarité,nouns,1,3,3,2,1,3,3,2,1,4
571,agriculture,monoculture,nouns,4,3,2,2,3,4,5,4,4,5
572,fleur,longévité,nouns,0,1,1,1,0,0,0,1,0,0
573,doigt,paume,nouns,1,3,2,2,2,3,2,3,2,2
574,sagesse,intelligence,nouns,2,3,5,4,4,5,5,3,6,5
575,tabac,cigarette,nouns,5,4,4,4,4,5,5,4,6,4
576,chalet,hutte,nouns,2,3,1,4,5,4,5,1,4,4
577,aigle,faucon,nouns,3,5,5,4,3,4,4,2,5,4
578,compositeur,écrivain,nouns,5,3,2,3,3,4,5,3,6,4
579,maladie,infection,nouns,4,4,4,4,6,5,5,3,5,5
580,vitesse,courrier,nouns,0,0,0,0,0,0,0,0,0,0
581,copilote,cockpit,nouns,0,3,2,1,2,2,1,3,1,3
582,oncle,tante,nouns,5,3,2,2,3,5,5,5,4,5
583,pied,base,nouns,2,5,1,3,0,5,5,1,6,3
584,lycée,profession,nouns,0,2,2,0,1,2,1,2,0,2
585,os,coude,nouns,0,4,2,1,4,2,2,3,2,3
586,manette,radar,nouns,0,1,0,0,0,0,0,0,1,0
587,bras,veine,nouns,0,3,2,1,1,2,1,2,1,2
588,bas,haut,nouns,1,3,3,1,1,3,5,3,1,4
589,centime,occasion,nouns,0,1,2,0,0,0,0,0,0,0
590,marine,île,nouns,0,3,2,1,1,1,1,1,1,2
591,outil,emploi,nouns,0,2,0,0,1,2,0,0,0,3
592,rendez-vous,engagement,nouns,3,4,2,2,2,5,4,2,5,5
593,nord,ouest,nouns,1,3,2,1,1,4,5,3,1,4
594,étudiant,professeur,nouns,1,4,3,1,2,4,4,3,1,4
595,pécheur,saint,nouns,0,1,1,0,1,3,3,3,1,4
596,ballon,panier,nouns,0,3,2,1,1,2,0,1,1,2
597,humeur,émotion,nouns,2,4,3,2,3,4,4,5,6,5
598,estomac,chambre,nouns,1,0,0,0,0,0,0,0,0,0
599,petit déjeuner,bacon,nouns,0,3,2,1,3,1,2,2,1,1
600,civilisation,mode de vie,nouns,0,4,3,3,3,2,1,2,5,5
601,chien,chat,nouns,1,4,3,2,1,4,4,2,1,3
602,croyance,concept,nouns,1,4,3,2,0,4,4,3,3,5
603,pacte,accord,nouns,5,5,5,6,6,6,5,6,6,6
604,pluie,brume,nouns,1,4,3,3,4,4,3,3,4,4
605,roman,écrivain,nouns,0,4,3,2,2,3,1,3,1,3
606,portable,téléphone,nouns,6,6,5,6,5,6,6,6,6,5
607,armée,section,nouns,1,4,3,2,1,3,4,1,3,4
608,adjoint,officier,nouns,1,3,2,2,1,2,4,2,2,4
609,arbre,feuille,nouns,1,3,3,1,2,3,2,3,2,4
610,volley-ball,ballon,nouns,0,3,2,1,2,3,2,2,1,4
611,voiture,vélo,nouns,1,3,2,2,1,4,3,2,1,3
612,suite,appareil photo,nouns,0,1,0,0,0,1,1,0,0,0
613,longévité,groupe,nouns,0,1,0,0,0,1,0,0,0,0
614,infirmier,scientifique,nouns,0,3,1,1,1,2,1,1,1,3
615,surface,coin,nouns,0,3,1,0,0,1,1,2,1,2
616,paiement,billet,nouns,0,4,2,2,4,4,3,4,1,4
617,jus,milk-shake,nouns,0,3,2,2,1,4,4,3,3,4
618,mur,brique,nouns,1,4,2,1,3,3,0,3,1,4
619,nuage,brouillard,nouns,2,4,4,3,2,4,2,3,3,5
620,rivière,ruisseau,nouns,5,5,4,4,4,5,4,4,5,5
621,balustrade,barrière,nouns,5,6,3,3,5,6,4,4,6,4
622,reflet,image,nouns,4,5,4,5,4,6,4,3,5,3
623,whisky,gin,nouns,2,4,3,4,1,4,4,3,3,4
624,cor,tambour,nouns,1,3,3,1,1,4,4,2,1,3
625,téléphone,cabine,nouns,0,3,3,1,1,2,1,1,1,2
626,persil,muffin,nouns,0,2,0,0,0,1,1,1,0,1
627,argent,diamant,nouns,0,2,4,1,3,3,3,3,1,4
628,sucre,miel,nouns,1,3,3,2,4,4,3,3,2,4
629,vêtement,chiffon,nouns,0,3,2,2,2,3,2,2,4,3
630,estomac,taille,nouns,0,0,0,0,0,0,0,1,1,0
631,voiture,jauge,nouns,0,1,1,1,1,1,0,2,0,0
632,liberté,possibilité,nouns,2,4,4,3,6,5,4,3,5,4
633,attention,intérêt,nouns,2,5,4,3,6,5,4,6,5,6
634,flic,shérif,nouns,4,6,2,4,4,4,4,4,4,4
635,tempête,couverture,nouns,0,0,1,0,0,0,0,0,0,0
636,bonheur,chance,nouns,2,4,3,4,4,4,1,0,2,2
637,source,boîte,nouns,0,0,0,0,0,0,0,0,0,0
638,décennie,siècle,nouns,1,4,2,1,4,3,5,2,3,5
639,chat,lion,nouns,2,3,2,1,4,3,4,3,3,4
640,armée,légion,nouns,4,4,2,2,4,4,4,4,5,4
641,hélicoptère,avion,nouns,2,4,3,3,3,4,4,4,2,4
642,cheval,poulain,nouns,5,4,3,3,3,5,5,5,5,5
643,jeans,femme,nouns,0,0,1,0,0,0,0,0,0,0
644,adversaire,opposant,nouns,6,6,4,5,6,6,6,6,6,6
645,plafond,cathédrale,nouns,0,0,2,0,1,1,0,0,0,1
646,abeille,reine,nouns,0,3,3,2,1,4,1,2,1,4
647,œil,larme,nouns,0,4,3,1,1,2,0,3,1,3
648,bras,poignet,nouns,1,4,3,2,1,3,2,3,3,3
649,barres,saut d'obstacles,nouns,1,3,1,1,1,4,0,1,4,5
650,livre,information,nouns,1,3,3,1,3,2,2,2,1,4
651,bouclier,armure,nouns,4,4,3,3,2,4,5,3,5,4
652,dieu,esprit,nouns,3,3,2,2,4,4,2,3,4,3
653,communication,conversation,nouns,3,5,3,4,6,5,5,3,5,5
654,espace,région,nouns,1,4,2,3,4,1,4,2,5,4
655,jet,fluide,nouns,1,1,1,1,1,2,0,2,3,5
656,communication,langage,nouns,2,5,5,2,4,2,4,4,4,5
657,coureur,athlète,nouns,1,6,3,2,4,4,5,3,5,5
658,saynète,performance,nouns,5,4,3,3,1,4,4,2,5,4
659,chagrin,honte,nouns,1,3,2,2,2,4,3,1,2,4
660,blé,maïs,nouns,1,4,4,2,1,4,4,2,4,4
661,train,tramway,nouns,5,4,4,3,3,5,5,4,5,5
662,hiver,été,nouns,1,3,3,1,1,4,5,3,2,4
663,wagon,récipient,nouns,0,1,0,0,1,0,2,0,0,0
664,sonnet,beauté,nouns,0,2,3,0,1,1,0,1,0,0
665,ami,mec,nouns,0,3,2,1,4,4,3,1,6,3
666,pistolet,aube,nouns,0,1,0,0,0,0,0,0,0,0
667,maison,état,nouns,0,0,0,0,0,0,1,0,0,0
668,pièce,échouage,nouns,1,1,1,1,2,3,2,2,2,1
669,canette,bouteille,nouns,2,5,2,4,2,5,4,2,5,3
670,fièvre,maladie,nouns,2,5,3,3,4,4,3,3,4,4
671,dieu,diable,nouns,1,3,2,2,1,3,3,4,2,4
672,femme,fourrure,nouns,0,0,2,1,0,0,0,1,0,1
673,avion,feuille,nouns,0,0,0,0,0,0,1,0,0,0
674,bière,boisson,nouns,6,4,2,2,4,4,4,3,4,4
675,légende,morale,nouns,0,3,2,3,2,1,1,1,1,4
676,bateau,pont,nouns,0,3,2,1,2,3,1,1,1,3
677,bateau,ancre,nouns,0,3,3,2,2,3,1,2,1,4
678,camion,paquet,nouns,0,0,0,0,1,0,0,1,0,0
679,porte,sol,nouns,0,2,1,0,1,2,1,0,0,0
680,comportementalisme,thérapie,nouns,0,3,1,1,3,4,2,3,2,4
681,souris,gestion,nouns,0,0,0,0,0,0,0,0,0,0
682,ordinateur portable,tablette,nouns,0,4,3,4,4,5,4,3,4,4
683,porte-monnaie,sac,nouns,0,4,2,1,3,3,4,2,3,4
684,marijuana,herbe,nouns,6,6,5,5,6,6,6,6,6,5
685,élève,président,nouns,0,2,0,0,2,2,1,1,1,3
686,allée,couloir,nouns,5,5,0,3,5,5,5,6,3,3
687,pomme,citron,nouns,1,4,2,1,1,4,4,2,2,4
688,toit,sol,nouns,0,3,1,1,1,4,3,1,1,4
689,poulet,riz,nouns,0,3,1,1,1,3,2,1,0,2
690,muscle,langue,nouns,4,5,1,1,4,5,3,4,3,4
691,paiement,récompense,nouns,2,5,3,4,4,4,4,2,5,4
692,maison,clé,nouns,0,2,2,1,2,2,1,2,1,2
693,salle de bain,cuisine,nouns,1,3,2,1,2,3,4,3,2,4
694,bataille,conquête,nouns,2,4,3,2,4,4,4,4,3,5
695,mariée,princesse,nouns,2,3,3,1,3,4,3,1,1,3
696,muscle,os,nouns,0,3,3,1,1,4,4,2,2,3
697,ventre,abdomen,nouns,5,6,3,4,5,6,6,5,6,6
698,nuit,aube,nouns,1,4,2,1,2,4,4,2,1,4
699,pluie,grêle,nouns,4,4,3,4,3,5,4,2,3,4
700,prophète,prêtre,nouns,0,3,2,2,2,4,3,3,3,3
701,soleil couchant,chaîne,nouns,0,0,0,0,0,0,0,0,0,0
702,allée,entrée,nouns,4,3,0,1,1,3,3,1,1,0
703,lit,hôpital,nouns,0,3,2,2,2,1,2,1,0,3
704,voiture,pont,nouns,0,3,1,1,1,0,0,0,0,0
705,agriculture,plante,nouns,0,3,2,1,1,2,1,2,2,4
706,écosystème,économie,nouns,3,3,1,1,1,3,0,0,0,3
707,pistolet,portable,nouns,0,0,0,0,0,0,0,1,0,1
708,livre,dissertation,nouns,0,3,1,2,1,1,1,1,1,2
709,viande,lard,nouns,3,4,2,2,4,4,4,3,4,4
710,chaise,tabouret,nouns,4,4,3,2,3,5,5,5,6,5
711,soir,crépuscule,nouns,6,5,3,4,5,5,4,4,5,5
712,île,tâche,nouns,0,0,1,0,0,0,0,0,0,0
713,neige,météo,nouns,0,4,2,1,2,3,1,3,1,4
714,mur,château,nouns,0,3,2,0,1,2,1,2,0,3
715,sacre,eau,nouns,0,1,0,1,1,0,0,2,0,0
716,métal,aluminium,nouns,4,4,2,2,3,3,4,5,2,4
717,vison,fourrure,nouns,0,5,5,3,4,5,1,5,6,5
718,couronne,clé,nouns,0,1,0,0,0,0,0,0,0,0
719,porte,cave,nouns,0,3,2,1,1,2,1,1,0,1
720,moissonneuse-batteuse,canne à sucre,nouns,0,3,1,0,1,0,0,1,0,0
721,émeute,dessin,nouns,0,2,0,0,0,0,0,1,0,0
722,chanson,histoire,nouns,5,3,1,1,2,1,2,2,0,3
723,télévision,acteur,nouns,0,3,2,1,2,1,1,2,1,3
724,politicien,président,nouns,1,4,3,3,4,5,4,4,5,5
725,arithmétique,rythme,nouns,0,1,0,0,0,0,0,1,0,0
726,croyance,opinion,nouns,3,5,5,4,5,4,4,6,4,5
727,lentille,appareil photo,nouns,0,4,3,3,3,3,1,2,2,4
728,jambe,bras,nouns,2,4,3,2,2,4,4,3,1,4
729,eau,glace,nouns,3,5,4,2,4,4,4,5,4,4
730,tuyau,jardin,nouns,0,4,3,1,1,0,1,1,0,0
731,échec,échouage,nouns,0,3,3,2,1,3,0,0,0,4
732,céréale,blé,nouns,6,4,4,3,4,4,4,4,4,4
733,campement,chalet,nouns,1,3,1,0,1,1,2,0,1,3
734,fenêtre,toit,nouns,1,3,2,1,1,3,2,1,1,3
735,essai,test,nouns,6,5,5,6,6,6,6,6,6,6
736,boucle,ceinture,nouns,2,4,3,2,3,3,2,2,1,4
737,liqueur,siècle,nouns,0,1,0,0,0,0,0,0,0,0
738,confort,sécurité,nouns,5,4,3,3,4,5,4,2,1,4
739,dispute,critique,nouns,1,4,4,4,1,4,3,1,2,4
740,algèbre,opération,nouns,5,4,4,2,2,2,3,3,4,5
741,femme,épouse,nouns,6,5,4,4,4,5,6,2,6,4
742,père,fille,nouns,0,3,2,1,2,4,4,2,1,3
743,croiseur,cuirassé,nouns,6,6,4,5,5,6,5,5,6,4
744,homme,enfant,nouns,1,4,2,2,2,4,4,1,1,4
745,femme,secrétaire,nouns,1,3,1,1,1,4,1,1,1,2
746,dîner,repas,nouns,6,6,5,4,4,5,5,4,6,4
747,sud,nord,nouns,1,3,3,1,1,4,4,4,1,4
748,livre,histoire,nouns,1,5,3,1,4,3,4,2,3,4
749,nihilisme,film,nouns,0,2,0,0,0,0,0,1,0,0
750,bain,ballon,nouns,0,2,0,0,0,0,0,0,0,0
751,avis,choix,nouns,1,4,3,3,5,4,1,4,3,4
752,bras,cou,nouns,0,3,2,1,1,4,3,2,1,4
753,barreau,cage,nouns,2,3,3,2,1,4,1,3,6,4
754,pistolet,fourrure,nouns,0,1,0,0,0,0,0,0,0,0
755,foule,groupe,nouns,4,5,4,5,5,6,3,4,5,4
756,nuage,météo,nouns,0,4,3,2,2,4,2,3,1,4
757,choeur,chanteur,nouns,3,4,3,2,4,3,4,4,3,4
758,colère,fureur,nouns,6,5,5,5,6,5,5,6,6,5
759,victime,téléphone,nouns,0,1,0,0,1,0,0,0,0,0
760,falaise,queue,nouns,0,1,0,0,0,0,0,0,0,0
761,lin,tissu,nouns,3,4,3,2,4,2,4,4,4,3
762,devise,change,nouns,1,5,4,2,2,4,5,5,2,4
763,corps,colonne vertébrale,nouns,1,4,2,2,2,4,1,2,1,3
764,bruine,pluie,nouns,6,6,4,4,4,4,5,5,4,5
765,neige,tempête,nouns,0,4,4,2,4,4,4,2,1,4
766,pomme,jus,nouns,0,3,3,2,4,3,2,2,1,3
767,cellule,prison,nouns,3,4,5,4,4,5,4,2,5,4
768,astéroïde,étoile,nouns,1,4,5,4,2,5,4,1,1,5
769,truite,guitare,nouns,0,1,0,0,0,0,0,0,0,0
770,chanteur,employé,nouns,0,1,0,0,1,0,0,1,0,1
771,groupe,orchestre,nouns,2,5,6,2,4,3,4,2,3,5
772,esprit,cerveau,nouns,3,4,6,4,4,4,4,3,4,3
773,épisode,chapitre,nouns,4,5,3,4,5,3,5,2,5,5
774,rondin,bois,nouns,5,4,4,3,4,4,4,1,5,4
775,épée,environnement,nouns,0,1,0,0,0,0,0,0,0,0
776,idée,image,nouns,5,3,2,2,2,4,4,5,5,4
777,germe,pathogène,nouns,6,4,3,2,4,5,5,2,1,5
778,air,hélium,nouns,1,4,2,3,2,3,3,3,2,4
779,batterie,énergie,nouns,6,1,4,4,4,3,4,4,5,4
780,péninsule,île,nouns,3,4,3,2,3,5,5,2,3,5
781,corruption,fraude,nouns,1,5,4,4,4,6,4,4,6,5
782,porte,couloir,nouns,0,3,2,2,2,4,1,1,2,3
783,collecte de fonds,événement,nouns,2,2,1,1,2,1,1,1,1,3
784,père,frère,nouns,1,3,2,1,2,4,4,2,1,5
785,avocat,galerie,nouns,0,1,0,0,0,0,0,0,0,0
786,tante,neveu,nouns,1,3,2,1,2,4,4,3,1,4
787,abeille,fourmi,nouns,1,3,2,1,2,4,4,2,1,3
788,pacte,condition,nouns,1,2,3,0,4,1,2,3,3,4
789,molécule,air,nouns,1,4,3,1,2,1,2,1,1,4
790,homme,guerrier,nouns,1,3,2,1,4,4,2,2,2,2
791,avoine,champ,nouns,0,3,2,2,2,2,1,2,1,4
792,révision,prévision,nouns,0,2,2,1,0,1,1,0,0,3
793,sandwich,déjeuner,nouns,2,4,3,1,3,3,3,2,3,4
794,calibre,parapluie,nouns,0,1,0,0,0,0,0,0,0,0
795,canapé,baseball,nouns,0,1,0,0,0,0,0,0,0,0
796,colère,humeur,nouns,1,4,4,2,4,4,3,3,2,4
797,tasse,cône,nouns,0,3,0,0,0,2,1,0,0,0
798,au-delà,purgatoire,nouns,3,5,3,4,2,5,0,2,4,0
799,lune,planète,nouns,0,4,3,1,2,5,4,1,2,3
800,porte,ouverture,nouns,0,4,4,2,3,6,2,2,4,4
801,beauté,âge,nouns,0,3,3,1,1,1,0,1,0,2
802,voiture,klaxon,nouns,0,4,3,1,2,2,2,3,1,1
803,cabine,ascenseur,nouns,4,4,2,2,2,4,4,4,3,4
804,victoire,triomphe,nouns,6,6,5,5,6,6,6,6,6,5
805,viscosité,éclaboussure,nouns,0,2,0,1,1,1,0,0,0,1
806,façon,manière,nouns,6,5,5,6,6,6,6,6,6,6
807,chaos,classe,nouns,0,2,0,0,0,0,0,0,0,1
808,bulle,mousse,nouns,3,3,4,2,2,3,3,3,1,2
809,bronchite,paracétamol,nouns,0,3,2,2,1,3,0,1,0,3
810,crédit,emprunteur,nouns,0,4,3,2,2,3,1,1,0,4
811,bal,costume,nouns,0,4,3,1,2,2,1,2,1,3
812,beurre,pomme de terre,nouns,0,3,3,1,1,3,2,1,1,2
813,névrose,esprit,nouns,0,3,3,2,3,1,1,2,2,0
814,taxi,tacot,nouns,6,6,4,4,4,5,5,3,6,5
815,acide,base,nouns,0,4,0,4,1,5,4,2,0,3
816,formule,équation,nouns,5,2,5,5,4,5,6,0,6,5
817,insecte,abeille,nouns,3,4,3,3,4,4,4,3,4,4
818,cheval,boeuf,nouns,1,3,3,2,2,3,4,1,2,3
819,homme,fraternité,nouns,0,4,2,1,1,3,2,1,1,3
820,chocolat,tarte,nouns,0,4,2,1,1,3,3,2,1,3
821,monde,globe,nouns,6,5,6,3,5,4,4,6,5,4
822,bras,os,nouns,0,4,2,1,2,3,3,3,1,3
823,cannelle,bonbon,nouns,0,3,1,1,1,3,2,1,0,3
824,croyance,impression,nouns,0,4,4,3,3,4,2,1,3,4
825,serpent,lézard,nouns,1,4,3,3,4,3,4,2,3,5
826,destruction,construction,nouns,1,1,3,1,1,3,4,3,1,3
827,viande,pain,nouns,0,3,2,1,1,3,3,2,1,3
828,dictionnaire,définition,nouns,0,4,4,2,4,4,2,4,1,5
829,auxiliaire,servante,nouns,2,4,5,2,1,2,5,1,2,1
830,frais,paiement,nouns,0,5,4,3,4,4,3,4,3,5
831,plage,mer,nouns,3,4,4,1,2,4,4,3,6,4
832,bateau,arbre,nouns,0,2,0,1,0,1,0,0,0,0
833,rayon,soleil,nouns,1,4,4,3,4,4,2,2,3,4
834,cerise,fraise,nouns,1,4,3,2,2,4,4,2,3,4
835,poème,rythme,nouns,0,4,4,1,2,4,2,2,0,3
836,madame,monsieur,nouns,1,4,3,2,2,5,5,5,1,5
837,mètre,centimètre,nouns,1,4,3,1,4,4,5,3,3,5
838,activité,mouvement,nouns,3,5,4,2,5,5,2,3,4,5
839,gens,pistolet,nouns,0,2,0,0,1,0,0,1,0,0
840,os,genou,nouns,0,4,4,1,4,3,3,4,1,3
841,fenêtre,porte,nouns,1,4,3,1,1,4,4,3,1,4
842,bras,corps,nouns,1,4,3,1,1,3,3,3,1,4
843,hiver,saison,nouns,3,4,3,2,4,4,4,4,4,4
844,clé,verrou,nouns,0,4,4,3,2,5,2,2,1,4
845,roi,dirigeant,nouns,5,5,5,4,5,4,5,5,6,5
846,tremblement de terre,secousse,nouns,4,5,5,5,4,6,6,4,6,5
847,marié,mariée,nouns,3,5,4,2,2,5,5,6,3,5
848,cou,colonne vertébrale,nouns,1,4,3,1,1,4,3,3,3,4
849,ami,copain,nouns,6,6,5,4,6,6,6,6,6,5
850,alliage,acier,nouns,5,5,4,2,4,4,5,2,1,4
851,anniversaire,année,nouns,0,5,3,2,2,4,2,4,1,4
852,type,partenaire,nouns,0,4,2,2,2,4,2,1,1,0
853,garçon,partenaire,nouns,0,4,2,2,2,4,3,1,3,1
854,bague,fiançailles,nouns,0,4,4,2,4,3,1,1,1,4
855,journal,information,nouns,0,5,4,3,5,3,4,3,5,4
856,gens,fête,nouns,0,3,2,0,2,1,0,1,0,3
857,corps,épaule,nouns,1,4,2,1,1,3,2,3,1,4
858,société,affaire,nouns,0,2,3,2,2,6,4,2,5,1
859,polyèdre,acteur,nouns,0,0,0,0,0,0,0,0,0,0
860,nuage,tempête,nouns,0,3,3,1,3,3,1,2,1,4
861,boue,saleté,nouns,2,5,4,4,4,4,3,2,2,4
862,mot,journal,nouns,0,3,2,2,2,2,2,2,1,4
863,condition,garçon,nouns,0,1,0,0,0,0,0,0,0,0
864,pierre,mine,nouns,0,4,2,1,4,1,2,2,1,3
865,ville,municipalité,nouns,6,5,5,4,6,6,4,6,6,5
866,abondance,profusion,nouns,6,6,6,6,6,6,6,4,6,6
867,campagne,singe,nouns,0,1,0,0,0,0,0,0,0,0
868,éditorial,nouvelle,nouns,5,4,4,1,4,2,3,4,5,2
869,homme,oncle,nouns,1,4,3,1,4,5,3,1,1,3
870,argent,capital,nouns,6,5,4,5,4,4,4,5,3,5
871,réalité,fantastique,nouns,0,3,3,1,1,4,2,1,1,3
872,salade,vinaigre,nouns,0,3,3,1,2,3,2,1,0,3
873,garçon,soldat,nouns,0,3,2,1,2,4,2,1,2,1
874,déjeuner,souper,nouns,2,5,3,1,2,4,4,2,1,4
875,choix,veine,nouns,0,2,3,0,0,0,0,0,0,0
876,impôt,revenu,nouns,0,4,4,1,2,3,1,2,1,3
877,bateau,voiture,nouns,0,3,2,0,2,4,3,2,1,4
878,rive,côte,nouns,4,5,5,5,4,5,6,4,6,5
879,communication,nouvelle,nouns,5,5,4,3,2,4,2,1,5,3
880,droit,justice,nouns,0,5,5,4,4,5,4,4,5,5
881,repas,taille,nouns,0,2,1,0,0,0,0,0,0,0
882,princesse,île,nouns,0,0,0,0,1,4,0,0,0,0
883,journal,bain,nouns,0,0,0,0,0,0,0,0,0,0
884,danger,maladie,nouns,1,3,2,1,2,1,0,1,1,2
885,collecte de fonds,développement,nouns,0,4,2,3,1,1,3,1,2,2
886,souris,chat,nouns,1,3,3,1,1,3,4,2,1,3
887,appartement,hôtel,nouns,1,4,2,1,1,4,4,2,3,4
888,robe,danse,nouns,0,3,2,1,1,1,0,0,0,1
889,cours,concours,nouns,0,3,2,0,2,3,0,0,0,3
890,fille,gamin,nouns,0,4,2,1,2,4,3,1,1,3
891,bain,astuce,nouns,0,0,0,0,0,0,0,0,0,0
892,club,marque,nouns,0,2,0,0,0,2,0,0,0,1
893,fille,bonne,nouns,0,2,2,1,0,1,2,1,0,1
894,syntagme,mot,nouns,5,5,5,3,5,4,4,4,0,4
895,chien,cheval,nouns,1,3,2,1,2,3,3,2,1,3
896,écran,moniteur,nouns,6,6,3,6,6,6,5,6,6,4
897,gouvernement,lézard,nouns,0,0,0,0,0,0,0,0,0,0
898,week-end,semaine,nouns,1,3,2,1,4,4,3,4,3,5
899,désespoir,misère,nouns,2,4,5,2,4,5,4,3,4,4
900,multiplication,division,nouns,1,4,3,2,2,5,4,3,1,4
901,piano,harmonie,nouns,0,3,3,1,1,3,3,2,1,3
902,intestin,nerf,nouns,0,3,1,1,1,3,2,1,0,3
903,soleil,ciel,nouns,0,4,3,1,1,4,3,2,2,4
904,médecin,professeur,nouns,2,4,3,1,4,5,3,1,2,4
905,philosophe,course,nouns,0,3,0,0,0,0,0,0,0,0
906,bras,genou,nouns,1,3,2,1,1,4,4,2,0,4
907,administration,gestion,nouns,6,3,4,6,4,6,4,6,5,5
908,palais,gratte-ciel,nouns,1,3,2,1,1,4,3,1,1,3
909,cheville,fenêtre,nouns,0,0,0,0,0,0,0,0,0,0
910,estomac,veine,nouns,0,3,1,0,1,3,2,1,0,2
911,page,paragraphe,nouns,1,4,3,2,2,2,4,2,2,4
912,sénat,constitution,nouns,0,4,4,1,2,4,2,2,0,5
913,haut,côté,nouns,0,3,1,1,2,3,4,3,1,3
914,plage,rivage,nouns,5,5,4,4,5,5,4,5,5,5
915,voiture,calèche,nouns,6,5,3,5,5,6,4,3,2,4
916,boussole,éléphant,nouns,0,0,0,0,0,0,0,0,0,0
917,réservoir,voiture,nouns,0,3,3,1,2,2,1,1,0,1
918,coucher de soleil,table,nouns,0,0,0,0,0,0,0,0,0,0
919,frontière,limite,nouns,6,6,5,6,6,6,6,5,6,4
920,bois,couverture,nouns,0,2,0,0,0,1,0,0,0,0
921,chemise,cardigan,nouns,1,3,3,2,5,4,4,2,2,4
922,menu,commande,nouns,0,3,3,1,4,3,2,1,2,4
923,chef,maire,nouns,1,4,4,2,3,4,4,1,4,4
924,acteur,chanteur,nouns,1,4,3,2,2,4,3,2,2,4
925,force,aptitude,nouns,2,4,4,4,4,5,4,2,2,3
926,médaille,basket,nouns,0,2,0,0,1,1,0,1,0,0
927,liberté,oasis,nouns,0,3,1,0,0,0,0,0,0,0
928,pointeur,transparent,nouns,0,2,0,0,0,0,0,0,0,0
929,tunnel,chemin,nouns,3,3,1,1,2,3,3,1,1,3
930,cube,jouet,nouns,0,4,2,2,3,4,4,1,1,3
931,rat,souris,nouns,4,5,4,4,4,5,5,3,5,5
932,église,cathédrale,nouns,6,5,5,4,4,5,5,4,5,4
933,bière,alcool,nouns,5,4,3,2,3,4,4,3,5,4
934,réalisateur,patron,nouns,4,2,1,2,1,3,3,1,2,3
935,logiciel malveillant,virus,nouns,6,5,6,5,5,6,6,4,6,5
936,absence,présence,nouns,1,2,3,1,1,3,4,3,1,3
937,pied,tête,nouns,0,3,2,1,1,4,4,2,1,4
938,mathématicien,spectacle,nouns,0,2,0,0,0,0,0,0,0,0
939,ère,décennie,nouns,1,4,4,2,2,4,4,3,3,4
940,musique,mélodie,nouns,5,5,5,4,6,6,5,5,5,5
941,siècle,année,nouns,1,4,3,1,2,4,4,3,2,4
942,coude,cheville,nouns,1,3,3,2,2,4,4,3,2,4
943,lettre,paragraphe,nouns,1,3,3,2,2,4,2,1,1,3
944,corps,nerf,nouns,1,3,2,1,1,3,1,1,0,3
945,sable,pied,nouns,0,2,2,1,0,1,0,0,0,0
946,anarchie,chaos,nouns,1,5,6,6,2,6,5,3,6,4
947,ballade,chanson,nouns,6,5,5,5,4,6,5,2,5,5
948,garçon,fils,nouns,6,4,3,4,4,6,6,2,6,4
949,flic,copilote,nouns,0,2,0,1,0,1,0,0,1,3
950,coucher de soleil,lever de soleil,nouns,1,3,3,2,2,4,4,4,2,4
951,orteil,doigt,nouns,5,4,3,2,3,4,5,5,4,4
952,adulte,tuteur,nouns,0,4,2,3,4,5,2,1,5,3
953,infini,zéro,nouns,0,3,3,1,2,3,4,1,1,4
954,voiture,usine,nouns,0,3,2,1,1,1,0,1,0,2
955,cabine,cabane,nouns,0,3,1,3,4,3,0,0,2,3
956,télescope,chaise,nouns,0,1,1,0,0,2,0,0,0,0
957,conspirateur,stratège,nouns,1,4,4,3,2,6,4,2,5,3
958,voiture,camion,nouns,2,4,3,2,4,5,4,2,3,4
959,violon,instrument,nouns,3,4,3,1,4,4,4,3,4,4
960,sol,terrasse,nouns,1,4,1,3,4,4,3,2,1,3
961,code,symbole,nouns,4,5,5,2,4,3,3,1,2,5
962,mot-clé,syntaxe,nouns,0,3,3,1,1,3,1,1,0,0
963,nerf,cerveau,nouns,1,3,3,1,2,2,2,2,2,4
964,situation,condition,nouns,6,4,5,6,4,3,5,5,6,4
965,pain,fromage,nouns,1,4,3,2,1,3,3,1,1,3
966,jus,cuillère,nouns,0,3,2,1,1,1,1,0,0,1
967,viande,sandwich,nouns,0,3,1,2,3,3,3,1,1,2
968,wagon,voiture,nouns,6,5,5,6,4,6,3,6,6,5
969,curseur,frites,nouns,0,0,1,0,0,0,0,0,0,1
970,joie,fierté,nouns,1,3,4,4,4,5,3,2,3,3
971,nuage,brume,nouns,4,4,5,4,5,4,3,2,4,5
972,bois,rondin,nouns,5,4,3,4,4,4,3,1,5,4
973,enseignant,étudiant,nouns,0,3,3,2,2,4,4,3,1,4
974,animal,personne,nouns,0,2,0,0,2,4,3,1,0,3
975,ciel,rêve,nouns,0,3,0,1,1,3,0,0,0,0
976,héroïne,héros,nouns,5,5,3,4,5,5,5,5,5,5
977,date,calendrier,nouns,0,4,3,3,4,4,2,3,2,5
978,offre,donation,nouns,1,4,2,5,2,6,5,6,5,5
979,manuscrit,article,nouns,0,5,2,2,3,4,4,1,1,4
980,science,psychologie,nouns,3,3,2,1,3,4,3,2,1,5
981,société,culture,nouns,5,3,4,2,3,2,4,1,3,5
982,coton,pull-over,nouns,1,2,3,1,2,3,2,2,0,2
983,livre,thème,nouns,0,3,2,1,1,2,0,1,0,3
984,liberté,censure,nouns,0,3,3,2,2,3,0,1,1,3
985,sorcier,câble,nouns,0,0,0,0,0,0,0,0,0,0
986,vin,liqueur,nouns,1,3,2,2,4,4,3,2,4,3
987,champion,gagnant,nouns,6,5,4,5,6,6,5,5,6,5
988,scénariste,télévision,nouns,0,3,2,2,2,3,1,1,0,3
989,livre,littérature,nouns,0,4,4,2,4,4,3,2,4,5
990,chien,renard,nouns,1,3,2,1,2,4,3,2,2,3
991,os,cou,nouns,1,3,2,1,1,3,3,2,1,3
992,président,maire,nouns,0,3,2,4,2,4,4,1,4,4
993,syllabe,lemme,nouns,0,3,1,2,4,4,3,4,1,0
994,phonologie,écran,nouns,0,1,0,0,0,0,0,0,0,0
995,homme,suspect,nouns,0,2,2,2,3,4,0,1,0,1
996,dentiste,colonel,nouns,0,1,0,0,0,1,0,1,0,2
997,illustration,ampoule,nouns,0,2,0,1,0,0,0,0,0,0
998,barreau,prison,nouns,4,4,3,2,4,1,2,2,3,4
999,menthe,gomme,nouns,0,3,2,2,2,0,0,1,0,0
1000,tableau,liste,nouns,6,4,3,4,0,3,5,1,4,1
1001,aviation,vol,nouns,5,4,3,2,4,2,2,0,2,4
1002,campus,université,nouns,6,5,4,4,5,4,4,4,5,5
1003,ongle,main,nouns,1,4,4,2,3,4,3,1,2,3
1004,eczéma,dermatite,nouns,5,5,5,6,4,6,6,6,6,6
1005,opinion,idée,nouns,5,5,4,4,6,6,4,3,6,5
1006,mètre,pouce,nouns,1,5,4,2,1,4,4,2,3,4
1007,avalanche,neige,nouns,0,4,3,3,3,4,2,4,1,4
1008,agression,hostilité,nouns,5,5,4,2,3,4,4,4,2,5
1009,régime,salade,nouns,0,4,3,1,1,2,1,1,1,3
1010,douleur,peine,nouns,6,5,5,6,4,5,5,5,6,5
1011,père,parent,nouns,6,4,4,4,3,5,5,6,5,5
1012,ami,mère,nouns,0,2,1,0,1,4,3,2,0,4
1013,décoration,parure,nouns,5,5,3,4,4,4,5,1,4,4
1014,traducteur,étranger,nouns,0,4,3,1,2,3,1,2,0,0
1015,dictionnaire,encyclopédie,nouns,5,5,5,4,4,5,4,5,5,6
1016,pain,farine,nouns,0,5,3,2,2,4,3,2,1,4
1017,chapeau,manteau,nouns,1,4,3,1,1,4,4,2,1,3
1018,carte,pont,nouns,0,3,1,0,1,0,0,0,0,0
1019,véhicule,autobus,nouns,3,5,2,3,4,5,4,6,4,4
1020,foule,défilé,nouns,2,4,4,4,4,4,0,1,1,4
1021,abri,cabane,nouns,3,5,4,6,5,4,4,1,4,5
1022,objectif,quête,nouns,6,5,5,4,4,5,3,5,5,6
1023,alimentation,programme,nouns,2,3,1,1,1,1,1,1,0,0
1024,candidat,candidature,nouns,0,4,4,2,4,3,1,4,2,4
1025,membre,jambe,nouns,5,4,2,2,4,4,4,3,5,4
1026,criminalité,vol,nouns,0,4,4,2,3,3,2,3,2,5
1027,affaire,entreprise,nouns,5,4,4,4,1,4,4,3,5,4
1028,neuropsychologie,parapsychologie,nouns,0,4,3,3,2,3,3,2,2,4
1029,sang,corps,nouns,4,4,2,1,1,4,1,2,1,4
1030,fraternité,base-ball,nouns,0,2,1,0,0,0,0,1,0,0
1031,femme,mari,nouns,5,4,3,2,3,5,4,5,1,5
1032,tsunami,mer,nouns,0,4,3,2,2,1,1,2,2,4
1033,bouche,lèvre,nouns,5,4,4,3,3,4,4,4,5,5
1034,régime,pomme,nouns,0,2,2,0,1,2,1,1,1,2
1035,carte,carré,nouns,0,3,0,1,0,1,1,1,0,1
1036,biotope,biologie,nouns,0,4,2,2,4,4,1,0,1,3
1037,tringle,rideau,nouns,0,4,3,2,2,4,2,3,1,3
1038,prairie,pâturage,nouns,0,6,4,5,5,6,5,4,4,6
1039,pollinisation,étamine,nouns,0,4,3,3,2,4,2,0,1,4
1040,clocher,chapelle,nouns,0,4,3,4,2,4,3,2,1,4
1041,récit,sujet,nouns,1,3,2,3,3,2,2,1,1,2
1042,enfant,adulte,nouns,0,3,2,2,2,4,4,2,1,4
1043,crèche,maternelle,nouns,1,5,3,3,4,5,5,2,4,5
1044,long métrage,film,nouns,6,6,6,5,6,6,6,6,6,6
1045,emploi,gestion,nouns,1,4,2,1,2,5,2,1,1,3
1046,simulation,robotique,nouns,0,4,1,1,1,0,3,1,0,4
1047,auteur,lecteur,nouns,0,4,3,2,1,4,3,2,0,4
1048,ver à soie,chenille,nouns,2,5,3,4,4,4,4,3,3,4
1049,hystérie,désarroi,nouns,1,3,2,2,2,4,2,1,3,3
1050,sang,chair,nouns,5,4,3,3,1,5,3,3,3,4
1051,perspective,distance,nouns,4,4,4,3,2,3,2,2,4,3
1052,délicieux,enjoué,adjectives,3,3,3,1,0,1,0,1,0,1
1053,ordinaire,banal,adjectives,6,6,6,4,6,6,6,6,6,6
1054,contraire,unique,adjectives,0,3,0,0,0,2,0,0,0,0
1055,malheureux,furieux,adjectives,1,4,2,4,4,4,1,1,1,2
1056,désordonné,propre,adjectives,0,1,3,1,1,3,3,1,0,2
1057,étroit,svelte,adjectives,4,2,3,3,3,4,2,2,2,1
1058,impossible,faisable,adjectives,0,1,3,1,1,3,3,2,0,3
1059,désincarné,spirituel,adjectives,6,5,3,3,5,6,4,2,3,5
1060,collant,sale,adjectives,2,3,3,2,1,3,4,1,2,4
1061,stupide,idiot,adjectives,6,6,6,6,6,6,6,6,6,6
1062,difficile,ardu,adjectives,6,6,6,6,6,6,6,6,6,6
1063,coupable,honteux,adjectives,2,4,4,2,2,4,2,1,5,4
1064,ordonné,désordonné,adjectives,0,1,3,1,1,3,4,3,1,3
1065,ennuyeux,médiocre,adjectives,1,3,6,4,2,5,3,1,2,4
1066,énorme,stupide,adjectives,0,2,5,1,0,2,0,0,2,1
1067,insensé,fou,adjectives,5,5,6,6,6,6,6,6,6,6
1068,modeste,flexible,adjectives,0,3,0,0,0,1,0,0,0,0
1069,mal,épouvantable,adjectives,1,4,5,2,2,4,4,4,2,4
1070,nécessiteux,impuissant,adjectives,1,4,3,1,1,2,2,1,2,4
1071,innocent,naïf,adjectives,5,5,6,5,6,6,6,4,5,5
1072,faux,réel,adjectives,0,1,3,1,1,3,3,2,0,3
1073,immature,irresponsable,adjectives,5,5,6,4,5,6,5,6,4,5
1074,long,étroit,adjectives,0,2,3,2,1,4,1,1,0,3
1075,vite,rapide,adjectives,6,5,6,6,6,5,4,6,6,5
1076,sournois,étrange,adjectives,0,4,3,1,1,3,1,2,0,3
1077,créatif,innovant,adjectives,5,6,6,5,5,6,6,6,5,6
1078,fier,arrogant,adjectives,4,5,5,5,6,5,6,2,4,4
1079,abordable,bon marché,adjectives,6,6,6,6,5,6,6,5,5,6
1080,médiocre,convenable,adjectives,2,3,2,3,2,3,0,0,1,3
1081,stupide,rare,adjectives,0,2,0,0,0,1,0,0,0,0
1082,intelligent,stupide,adjectives,0,1,3,1,1,3,3,2,0,3
1083,cruel,injuste,adjectives,2,6,5,4,1,5,4,6,5,4
1084,modeste,pur,adjectives,1,3,0,2,1,3,1,0,2,3
1085,terne,ennuyé,adjectives,3,4,0,2,0,0,2,0,2,1
1086,vulnérable,facile,adjectives,3,2,0,1,0,2,0,0,0,2
1087,incertain,effrayé,adjectives,0,3,1,1,0,0,2,0,0,4
1088,inhabituel,rare,adjectives,6,5,5,4,5,6,6,3,6,6
1089,ordinaire,froid,adjectives,0,3,0,0,0,1,0,0,0,0
1090,merveilleux,génial,adjectives,5,5,5,5,5,6,6,6,5,6
1091,bizarre,étrange,adjectives,6,6,6,6,6,6,6,6,6,6
1092,national,gros,adjectives,1,2,0,0,0,0,0,0,0,0
1093,facile,dur,adjectives,0,1,3,1,1,3,0,2,0,3
1094,vieux,nouveau,adjectives,0,1,3,1,1,3,3,2,0,3
1095,brut,grossier,adjectives,5,5,3,6,5,5,6,5,6,6
1096,fatigué,affamé,adjectives,1,4,2,1,2,2,2,1,2,4
1097,facile,difficile,adjectives,0,1,3,1,1,3,3,2,0,3
1098,récent,nouveau,adjectives,6,6,5,6,6,6,5,6,6,6
1099,légitime,illégal,adjectives,0,0,2,1,1,3,2,1,0,3
1100,mature,sophistiqué,adjectives,4,2,0,1,0,1,4,1,1,0
1101,humble,modeste,adjectives,6,6,6,6,6,6,6,6,6,6
1102,immature,adulte,adjectives,0,1,2,1,1,3,2,1,0,3
1103,cuit,bouilli,adjectives,5,5,4,4,1,5,2,3,5,5
1104,large,étroit,adjectives,0,1,3,1,1,3,3,3,0,3
1105,élastique,flexible,adjectives,6,6,5,4,5,4,6,2,5,4
1106,courroucé,hésitant,adjectives,0,2,2,2,1,1,0,0,0,0
1107,confiant,sûr,adjectives,6,6,5,6,5,6,6,5,5,6
1108,heureux,enjoué,adjectives,6,5,5,5,6,6,2,5,4,5
1109,audacieux,fier,adjectives,1,4,3,3,4,4,2,1,0,4
1110,difficile,simple,adjectives,0,1,3,1,1,3,3,3,0,3
1111,terne,marrant,adjectives,0,1,3,1,0,0,0,0,0,0
1112,délicieux,merveilleux,adjectives,2,5,3,6,4,5,6,2,3,4
1113,formel,bon,adjectives,1,4,0,1,0,4,0,0,0,2
1114,artificiel,faux,adjectives,6,3,4,4,5,5,6,2,6,5
1115,terne,passionnant,adjectives,0,1,3,1,1,0,0,0,0,0
1116,manifeste,confidentiel,adjectives,0,2,0,1,0,3,0,0,0,2
1117,modeste,honteux,adjectives,0,3,0,2,1,1,0,1,0,3
1118,crédule,stupide,adjectives,4,5,4,5,3,4,4,2,3,4
1119,affamé,assoiffé,adjectives,5,4,3,4,3,4,4,4,5,5
1120,sûr,fastidieux,adjectives,0,3,0,0,0,1,0,0,0,0
1121,sobre,ivre,adjectives,0,1,3,1,1,3,3,3,0,3
1122,illégal,immoral,adjectives,1,5,3,3,2,5,3,3,2,5
1123,mal,terrible,adjectives,4,5,3,4,2,5,4,5,4,4
1124,bon,connu,adjectives,0,3,2,0,0,4,2,1,0,1
1125,occupé,paresseux,adjectives,0,2,2,0,0,2,0,0,0,3
1126,brut,laid,adjectives,0,4,0,2,0,0,3,1,0,2
1127,neutre,indécis,adjectives,5,4,4,2,1,0,3,2,4,3
1128,vieux,mixte,adjectives,0,1,0,0,0,0,0,0,0,0
1129,triste,terrible,adjectives,3,4,1,4,2,6,3,1,0,4
1130,vite,rapide,adjectives,6,5,5,6,6,5,3,6,6,5
1131,timide,effrayé,adjectives,2,3,3,1,2,1,3,2,2,3
1132,facile,gros,adjectives,1,2,0,0,0,0,0,0,1,0
1133,droit,incurvé,adjectives,0,1,2,1,1,3,3,2,0,3
1134,collant,humide,adjectives,3,3,2,0,1,2,2,1,1,4
1135,incroyable,ordinaire,adjectives,0,1,2,1,0,3,2,1,0,3
1136,violent,fâché,adjectives,1,4,3,1,2,4,2,2,1,2
1137,similaire,ressemblant,adjectives,6,6,4,6,6,6,6,5,6,5
1138,enthousiasmé,effrayé,adjectives,0,2,2,0,1,3,3,1,0,2
1139,violent,passif,adjectives,0,1,2,1,0,1,0,1,0,1
1140,certain,nerveux,adjectives,0,2,0,0,0,1,0,0,0,0
1141,agressif,incurvé,adjectives,0,0,0,0,0,0,0,0,0,0
1142,légal,permis,adjectives,0,6,4,6,6,6,6,6,5,6
1143,bizarre,étrange,adjectives,6,6,6,6,6,6,6,6,6,6
1144,sûr,légal,adjectives,0,4,0,4,4,5,1,0,2,1
1145,radical,violent,adjectives,5,5,3,4,2,6,1,1,4,3
1146,court,long,adjectives,0,1,3,1,1,3,3,3,0,3
1147,fou,content,adjectives,0,3,1,0,1,4,0,1,1,2
1148,précieux,spécial,adjectives,5,4,2,2,4,0,4,4,5,4
1149,étroit,vaste,adjectives,0,1,0,1,1,3,1,1,0,3
1150,précis,faux,adjectives,0,2,0,1,1,1,0,0,0,0
1151,mixte,combiné,adjectives,5,5,4,4,5,5,5,6,6,5
1152,étrange,ordinaire,adjectives,0,2,2,1,1,3,3,1,0,3
1153,ennuyeux,fatigué,adjectives,2,3,2,1,1,2,0,1,0,4
1154,flexible,lâche,adjectives,3,3,0,3,0,0,0,0,0,3
1155,stupide,intelligent,adjectives,0,1,2,1,1,3,2,2,0,3
1156,certain,sûr,adjectives,6,6,6,6,6,6,6,6,6,6
1157,mal,médiocre,adjectives,2,4,0,4,5,4,3,3,5,4
1158,gros,lourd,adjectives,0,5,4,3,5,5,5,4,4,4
1159,agréable,généreux,adjectives,0,5,2,2,2,4,3,1,2,3
1160,grand,gros,adjectives,6,4,2,4,4,2,6,2,4,4
1161,dédaigneux,méprisant,adjectives,6,6,6,6,6,6,6,6,6,6
1162,rouge,bleu,adjectives,0,3,2,1,2,4,4,2,1,4
1163,sournois,dur,adjectives,0,3,1,0,0,3,0,0,0,0
1164,violent,doux,adjectives,0,1,2,1,1,3,3,2,0,0
1165,rugueux,frigide,adjectives,0,2,0,0,0,0,1,0,0,0
1166,bon marché,abordable,adjectives,6,6,6,6,5,6,6,5,5,6
1167,connu,national,adjectives,0,4,2,0,0,1,3,1,3,2
1168,grossier,critique,adjectives,0,4,2,0,0,0,0,1,0,0
1169,stupide,intelligent,adjectives,0,1,2,1,1,3,3,3,0,3
1170,flexible,mobile,adjectives,3,6,4,5,3,6,4,1,3,4
1171,pauvre,fier,adjectives,0,2,0,1,0,3,0,0,0,0
1172,timide,coûteux,adjectives,0,2,0,0,0,0,0,0,0,0
1173,malade,fou,adjectives,6,4,5,5,4,5,6,6,6,2
1174,moderne,ancien,adjectives,0,1,3,1,1,3,3,3,0,3
1175,bizarre,étrange,adjectives,6,6,6,6,6,6,6,6,6,6
1176,honnête,coupable,adjectives,1,1,0,1,1,3,2,1,0,2
1177,stupide,dense,adjectives,0,1,0,0,0,0,0,0,0,0
1178,cinquième,haut,adjectives,0,1,1,1,0,0,0,0,0,0
1179,mal,coupable,adjectives,2,4,1,2,2,4,2,1,5,4
1180,précieux,sacré,adjectives,5,6,5,2,4,5,4,5,4,5
1181,svelte,mince,adjectives,6,5,5,6,6,6,6,6,6,4
1182,propre,impeccable,adjectives,5,5,5,6,6,6,6,5,5,5
1183,privé,public,adjectives,0,2,3,1,1,3,3,3,1,3
1184,tranchant,terne,adjectives,0,1,0,0,0,0,0,0,0,0
1185,sérieux,marrant,adjectives,0,2,3,1,1,3,3,1,0,3
1186,puissant,fort,adjectives,6,5,5,6,6,5,6,6,6,5
1187,nouveau,ancien,adjectives,0,1,3,1,1,3,3,3,0,3
1188,précieux,paresseux,adjectives,0,2,0,0,0,0,0,0,0,0
1189,informe,amorphe,adjectives,0,5,1,6,0,5,5,0,5,6
1190,mal,immoral,adjectives,4,5,3,4,4,6,4,2,6,5
1191,rationnel,sobre,adjectives,1,3,2,0,0,4,0,1,1,1
1192,gros,vaste,adjectives,4,5,0,5,5,5,3,1,4,4
1193,crucial,important,adjectives,6,6,5,6,6,6,6,6,5,5
1194,merveilleux,terrifiant,adjectives,0,4,3,2,1,3,1,1,0,3
1195,étrange,bizarre,adjectives,6,6,6,6,6,6,6,6,6,6
1196,heureux,furieux,adjectives,0,2,2,1,1,3,0,1,0,3
1197,connu,populaire,adjectives,5,6,4,6,6,6,6,6,4,5
1198,incurvé,courbé,adjectives,6,6,6,6,6,6,6,6,6,6
1199,nécessaire,important,adjectives,2,5,4,5,5,6,6,4,5,5
1200,extraconjugal,tabou,adjectives,0,5,3,0,1,4,0,1,0,4
1201,fort,fier,adjectives,1,4,0,2,1,2,2,1,1,4
1202,heureux,jeune,adjectives,0,4,2,1,0,0,0,0,0,0
1203,fini,achevé,adjectives,6,6,6,6,6,6,6,6,6,6
1204,stupide,idiot,adjectives,6,6,6,6,6,6,6,6,6,6
1205,mineur,important,adjectives,0,2,0,1,1,3,3,1,0,3
1206,sale,incroyable,adjectives,4,2,0,0,0,1,0,0,0,0
1207,chargé,lourd,adjectives,5,6,4,5,4,4,3,5,4,5
1208,solitaire,pauvre,adjectives,0,3,1,1,0,1,1,1,0,2
1209,autre,contraire,adjectives,4,3,2,2,4,4,0,0,1,5
1210,honteux,contrarié,adjectives,0,3,2,1,1,1,0,0,1,4
1211,apparent,évident,adjectives,6,5,2,4,5,4,4,6,5,4
1212,massif,astronomique,adjectives,6,4,0,4,4,3,2,1,5,2
1213,exotique,rare,adjectives,5,5,4,3,4,5,5,5,5,5
1214,extraverti,agréable,adjectives,0,3,3,0,0,4,3,1,3,1
1215,agité,jeune,adjectives,0,4,2,0,0,1,0,0,1,4
1216,sale,étroit,adjectives,0,2,0,0,0,0,0,0,0,0
1217,mensuel,hebdomadaire,adjectives,1,4,3,2,2,4,4,2,2,4
1218,essentiel,nécessaire,adjectives,5,5,6,6,6,5,6,6,6,5
1219,détendu,stressé,adjectives,0,2,3,1,1,3,3,2,0,3
1220,grand,énorme,adjectives,5,5,3,6,4,5,5,3,5,5
1221,perceptible,évident,adjectives,2,4,4,0,4,4,4,4,4,4
1222,étroit,blanc,adjectives,0,1,0,0,0,0,0,0,0,0
1223,négatif,jamais,adjectives,2,5,0,2,4,2,0,0,0,1
1224,morne,terne,adjectives,6,6,6,6,6,6,6,6,6,6
1225,facile,flexible,adjectives,2,5,3,4,0,4,0,0,0,0
1226,personnel,intime,adjectives,6,6,6,6,5,6,2,6,6,5
1227,couvert,vêtu,adjectives,6,5,3,4,5,5,6,3,5,4
1228,agréable,cruel,adjectives,0,2,2,1,1,3,1,1,0,0
1229,têtu,stupide,adjectives,0,4,4,2,1,4,3,1,1,0
1230,frais,large,adjectives,0,2,0,0,0,0,0,0,0,0
1231,nécessiteux,précaire,adjectives,1,5,5,4,5,4,1,6,5,5
1232,mal,malhonnête,adjectives,0,5,4,4,4,5,2,2,3,4
1233,beau,merveilleux,adjectives,4,6,5,5,3,6,4,3,5,4
1234,brillant,génial,adjectives,1,6,5,6,5,6,6,6,5,5
1235,sale,bon marché,adjectives,0,2,0,0,0,0,1,0,0,0
1236,difficile,dur,adjectives,6,6,6,6,6,6,6,6,6,6
1237,tranchant,lisse,adjectives,0,4,3,1,1,1,2,3,1,1
1238,honteux,chanceux,adjectives,0,3,0,1,1,2,0,1,0,0
1239,ignorant,ordinaire,adjectives,0,3,2,0,0,1,0,1,0,2
1240,mal,génial,adjectives,0,2,0,0,0,3,0,1,0,0
1241,neutre,calme,adjectives,0,4,1,2,1,4,2,4,2,0
1242,fortuit,imprévu,adjectives,6,6,6,6,6,6,6,6,6,6
1243,malin,intelligent,adjectives,0,5,4,5,5,6,6,6,6,5
1244,malhonnête,véridique,adjectives,0,2,2,0,1,0,0,2,0,3
1245,sournois,intelligent,adjectives,0,3,2,2,1,2,3,3,1,2
1246,génial,terrible,adjectives,1,5,0,4,6,3,0,2,6,1
1247,terrifiant,furieux,adjectives,0,3,0,2,1,1,2,1,1,0
1248,épicé,bien,adjectives,0,3,0,0,0,0,0,0,0,0
1249,libre,innocent,adjectives,0,5,1,2,4,1,0,3,1,0
1250,rigide,facile,adjectives,0,2,2,0,0,0,0,0,0,0
1251,doux,tranchant,adjectives,0,2,2,1,1,2,2,1,0,3
1252,difficile,dense,adjectives,1,3,1,3,2,4,0,2,3,0
1253,fragile,frigide,adjectives,0,2,0,0,1,1,0,0,0,0
1254,simple,facile,adjectives,6,5,4,6,6,6,6,6,6,6
1255,nouveau,inutilisé,adjectives,4,5,4,2,4,6,5,5,5,5
1256,différent,normal,adjectives,0,2,2,0,2,4,3,2,0,3
1257,apeuré,anxieux,adjectives,0,4,3,6,2,5,4,4,2,5
1258,découvert,couvert,adjectives,0,2,2,1,1,3,3,2,0,3
1259,agressif,grossier,adjectives,0,4,2,3,2,5,0,2,2,3
1260,amical,généreux,adjectives,0,5,2,3,2,4,3,2,2,3
1261,puissant,faible,adjectives,0,2,2,1,1,3,3,2,0,0
1262,désordonné,laid,adjectives,0,2,0,0,0,0,1,1,0,1
1263,triste,marrant,adjectives,0,2,2,1,1,1,0,2,0,3
1264,effrayé,nerveux,adjectives,0,4,2,0,2,2,0,3,2,2
1265,difficile,simple,adjectives,0,2,2,1,1,3,3,3,0,3
1266,faible,épicé,adjectives,0,2,0,0,0,0,0,0,0,0
1267,grand,flexible,adjectives,0,3,0,0,0,0,0,0,0,0
1268,inutile,nécessaire,adjectives,0,2,2,1,1,3,3,2,0,3
1269,dur,cruel,adjectives,2,4,2,5,4,5,5,4,4,4
1270,impuissant,vulnérable,adjectives,1,4,4,2,4,5,4,3,2,5
1271,détendu,calme,adjectives,3,6,6,5,6,6,6,6,6,6
1272,mal,affreux,adjectives,2,4,3,0,4,4,4,2,3,4
1273,poli,bon,adjectives,1,5,2,4,2,3,2,2,1,1
1274,petit,nain,adjectives,5,5,3,5,5,6,5,2,5,4
1275,heureux,fâché,adjectives,0,2,2,1,1,3,2,1,0,2
1276,incertain,vague,adjectives,5,6,3,6,6,6,4,6,6,4
1277,heureux,content,adjectives,5,5,5,5,6,6,5,6,6,4
1278,doux,moyen,adjectives,0,4,0,0,0,1,4,0,0,0
1279,électrique,doux,adjectives,0,4,0,0,0,0,0,0,0,0
1280,informe,uniforme,adjectives,0,2,2,3,0,3,0,0,0,0
1281,vieux,frais,adjectives,0,2,0,0,1,0,0,0,0,0
1282,sournois,fourbe,adjectives,5,6,5,6,5,6,6,6,6,6
1283,fier,triste,adjectives,0,3,0,1,1,3,2,1,0,2
1284,rare,limité,adjectives,5,5,2,3,5,5,5,5,3,2
1285,personnel,privé,adjectives,6,4,4,5,6,6,6,6,6,5
1286,puéril,idiot,adjectives,0,4,4,4,4,5,2,3,5,5
1287,impatient,inquiet,adjectives,0,4,0,2,2,4,3,1,3,4
1288,ordinaire,moyen,adjectives,5,4,0,4,2,4,6,2,4,5
1289,nouveau,frais,adjectives,4,4,1,4,5,2,6,4,5,5
1290,minuscule,énorme,adjectives,0,2,2,1,1,3,3,2,0,3
1291,grossier,bruyant,adjectives,0,4,3,1,3,0,2,2,1,1
1292,mécanique,électrique,adjectives,0,3,2,3,1,3,4,2,3,4
1293,difficile,facile,adjectives,0,2,2,1,1,3,4,2,0,3
1294,bizarre,ordinaire,adjectives,0,2,2,2,1,3,3,2,0,3
1295,extraverti,entrant,adjectives,0,3,0,0,0,0,0,0,1,0
1296,propre,soigné,adjectives,6,6,5,6,6,6,6,6,6,5
1297,arrêter,conduire,verbs,0,4,1,0,1,3,2,1,0,3
1298,protéger,aider,verbs,1,5,3,3,4,5,4,2,2,5
1299,oublier,ignorer,verbs,0,5,3,6,4,4,4,4,3,4
1300,viser,frapper,verbs,0,4,2,3,4,3,4,1,3,4
1301,critiquer,détester,verbs,0,4,3,3,2,5,4,1,4,3
1302,aller,entrer,verbs,2,3,2,3,2,5,4,3,1,5
1303,errer,chercher,verbs,0,2,3,4,3,3,2,1,1,3
1304,dépendre,compter sur,verbs,4,3,3,5,1,4,4,5,5,5
1305,emprunter,supplier,verbs,0,2,0,2,0,1,2,1,1,2
1306,laisser,apparaître,verbs,0,2,0,0,0,0,0,0,0,0
1307,perdre,échouer,verbs,6,6,4,4,6,2,4,6,6,3
1308,définir,clarifier,verbs,2,4,4,4,5,5,4,4,5,5
1309,représenter,décider,verbs,0,4,0,2,0,2,2,2,0,3
1310,comprendre,pardonner,verbs,0,5,2,4,3,4,3,1,1,5
1311,accepter,nier,verbs,0,2,2,1,1,3,3,2,0,3
1312,clarifier,expliquer,verbs,6,6,5,6,6,6,4,6,6,6
1313,conclure,décider,verbs,6,5,3,5,4,6,2,6,2,4
1314,collecter,organiser,verbs,0,3,2,3,0,4,0,2,0,3
1315,détruire,faire,verbs,0,2,2,1,1,3,2,2,0,1
1316,boire,avaler,verbs,2,5,4,4,5,5,4,4,5,4
1317,recevoir,attraper,verbs,0,4,4,5,5,5,4,5,2,4
1318,contrarier,blesser,verbs,4,4,5,4,4,6,3,4,5,5
1319,suivre,chasser,verbs,5,2,1,2,3,4,4,4,0,2
1320,emprunter,vouloir,verbs,0,2,0,0,0,4,1,1,0,2
1321,apprécier,détester,verbs,0,1,2,1,1,3,3,2,0,3
1322,aller,vendre,verbs,0,2,0,0,0,1,0,0,0,1
1323,chevaucher,courir,verbs,0,3,2,2,2,2,1,1,0,2
1324,arrêter,prévenir,verbs,3,3,0,0,2,0,3,0,3,0
1325,saluer,accomplir,verbs,0,2,0,0,0,0,0,0,0,0
1326,absorber,retirer,verbs,2,2,0,2,4,3,3,0,2,2
1327,témoigner,juger,verbs,0,4,2,1,2,4,1,1,1,3
1328,annuler,rejeter,verbs,1,4,1,5,5,5,1,6,4,5
1329,inspecter,examiner,verbs,6,6,4,6,6,6,6,6,6,6
1330,croire,ressentir,verbs,0,4,3,3,1,5,2,3,2,4
1331,décomposer,détruire,verbs,1,5,2,6,5,4,4,4,4,4
1332,devenir,sembler,verbs,0,3,0,2,0,5,3,0,0,3
1333,cuisiner,perdre,verbs,0,1,0,0,0,0,0,0,0,0
1334,enterrer,mourir,verbs,0,5,3,4,2,2,2,2,1,1
1335,respirer,étouffer,verbs,0,4,3,1,1,3,3,1,1,3
1336,découvrir,provenir,verbs,0,2,0,1,0,1,0,0,0,0
1337,ajourner,terminer,verbs,2,5,2,2,6,5,0,2,2,3
1338,expliquer,prouver,verbs,4,4,3,6,5,5,5,3,4,5
1339,livrer,porter,verbs,2,5,4,6,6,4,3,5,5,4
1340,trouver,disparaître,verbs,0,2,0,0,1,0,0,0,0,1
1341,arrêter,siffler,verbs,2,3,0,0,0,0,0,0,0,0
1342,commencer,aller,verbs,0,3,0,1,0,4,3,1,0,1
1343,laisser,errer,verbs,0,4,0,1,0,0,0,0,0,0
1344,donner,prêter,verbs,4,5,3,5,2,5,5,4,3,3
1345,dire,rappeler,verbs,3,4,1,5,2,6,4,3,3,3
1346,apprendre,éduquer,verbs,5,4,3,4,6,4,3,3,5,4
1347,expulser,partir,verbs,0,4,1,2,4,2,2,4,2,3
1348,payer,traiter,verbs,2,2,0,2,2,3,1,6,0,1
1349,prétendre,représenter,verbs,0,3,0,0,0,1,0,0,0,0
1350,noter,évaluer,verbs,6,6,5,6,6,6,6,6,6,6
1351,aller,venir,verbs,4,4,3,5,5,6,3,3,3,5
1352,collecter,sauvegarder,verbs,2,4,4,3,4,4,3,1,2,5
1353,mordre,combattre,verbs,0,4,1,2,2,0,3,1,1,4
1354,mentir,prétendre,verbs,5,4,3,2,4,4,4,4,5,5
1355,comprendre,découvrir,verbs,1,5,3,5,4,3,3,1,1,4
1356,se disputer,persuader,verbs,0,2,1,1,1,0,0,2,1,0
1357,bouillir,frire,verbs,1,5,2,4,1,4,3,3,3,4
1358,pardonner,excuser,verbs,6,6,5,6,5,6,6,6,6,6
1359,vivre,survivre,verbs,5,3,4,5,4,5,4,4,5,5
1360,atteindre,essayer,verbs,0,3,2,2,0,1,2,0,0,4
1361,refuser,décliner,verbs,6,5,6,6,6,6,6,6,6,6
1362,échouer,compter,verbs,0,3,0,1,0,0,0,0,0,0
1363,secouer,mélanger,verbs,3,4,6,4,5,5,4,4,2,4
1364,mélanger,conduire,verbs,0,2,0,0,0,0,0,0,0,0
1365,quitter,expulser,verbs,0,3,1,2,3,3,2,1,1,2
1366,être d'accord,être en désaccord,verbs,0,1,2,1,1,3,3,3,0,3
1367,obtenir,rester,verbs,0,3,0,0,0,1,0,0,0,0
1368,se battre,tuer,verbs,0,4,3,2,2,1,3,1,2,3
1369,être d'accord,différer,verbs,0,2,0,1,1,3,2,2,0,3
1370,apporter,restaurer,verbs,0,2,0,0,0,0,0,0,0,0
1371,prendre,laisser,verbs,0,2,1,2,1,3,3,2,0,3
1372,organiser,nécessiter,verbs,0,3,0,0,0,0,0,0,0,1
1373,essayer,penser,verbs,0,3,0,0,0,0,0,0,0,0
1374,déchirer,porter,verbs,0,2,0,0,0,0,0,0,0,0
1375,analyser,évaluer,verbs,4,5,5,6,4,6,3,6,5,5
1376,unir,marier,verbs,6,6,4,6,6,5,6,5,6,6
1377,recueillir,rencontrer,verbs,0,3,0,3,0,3,1,1,0,0
1378,briller,luire,verbs,6,6,5,6,6,6,6,5,5,5
1379,attacher,rejoindre,verbs,6,2,0,3,4,2,2,0,0,0
1380,laisser,ignorer,verbs,5,4,4,5,4,5,4,3,6,5
1381,reprocher,accuser,verbs,6,5,4,4,5,5,4,6,2,6
1382,explorer,découvrir,verbs,2,6,4,4,6,5,6,5,3,5
1383,vouloir,choisir,verbs,0,5,4,3,4,6,0,0,4,4
1384,prendre,obtenir,verbs,0,5,3,4,4,4,1,3,4,3
1385,lire,mordre,verbs,0,0,0,0,0,0,0,0,0,0
1386,écouter,obéir,verbs,5,5,1,4,4,5,6,6,4,1
1387,démolir,fracasser,verbs,6,6,3,3,5,6,6,6,5,5
1388,assister,arriver,verbs,0,3,0,1,0,0,0,0,0,0
1389,supposer,prédire,verbs,3,4,1,4,5,4,3,2,3,4
1390,câliner,étreindre,verbs,5,6,5,6,5,5,6,6,4,6
1391,organiser,arranger,verbs,4,5,5,6,6,4,6,4,4,5
1392,acquérir,voler,verbs,1,1,2,3,1,3,2,1,1,4
1393,rejeter,condamner,verbs,5,5,3,6,4,2,3,4,3,2
1394,créer,plonger,verbs,0,2,0,0,0,0,0,0,0,0
1395,voler,acheter,verbs,0,1,2,1,1,3,3,1,1,3
1396,mourir,se désintégrer,verbs,2,5,2,2,4,5,4,2,4,4
1397,demander,plaider,verbs,0,4,2,3,4,6,0,1,3,4
1398,envoyer,assister,verbs,0,3,0,1,0,1,0,0,0,0
1399,prendre,saisir,verbs,6,6,5,6,6,6,6,6,6,6
1400,hanter,effrayer,verbs,4,5,5,3,4,4,5,3,1,4
1401,comprendre,écouter,verbs,0,4,4,2,4,3,4,1,1,4
1402,chercher,trouver,verbs,0,5,5,2,1,3,4,3,1,3
1403,battre,gagner,verbs,4,6,5,4,4,0,3,3,4,6
1404,transporter,soulever,verbs,1,5,4,3,2,2,4,2,1,0
1405,inquiéter,gaspiller,verbs,0,2,0,0,0,0,0,0,0,1
1406,polir,informer,verbs,0,2,0,0,0,0,0,0,0,0
1407,donner,nier,verbs,0,2,0,0,0,2,0,0,0,0
1408,arguer,exiger,verbs,0,4,3,5,2,1,0,1,0,3
1409,chercher,se renseigner,verbs,6,6,4,5,6,3,5,2,3,4
1410,joindre,ajouter,verbs,0,4,3,6,6,6,4,6,3,5
1411,frustrer,décourager,verbs,1,5,4,4,3,4,2,3,3,4
1412,sauver,secourir,verbs,6,6,6,6,6,6,6,5,6,5
1413,tuer,étouffer,verbs,1,4,3,4,4,5,4,1,6,4
1414,devenir,apparaître,verbs,0,4,0,3,4,3,0,0,0,0
1415,prendre,livrer,verbs,0,2,0,1,2,3,1,0,0,0
1416,mélanger,boire,verbs,0,3,1,0,0,1,2,1,0,0
1417,verser,goutter,verbs,0,4,2,1,0,0,2,3,1,3
1418,diminuer,descendre,verbs,6,5,4,3,4,5,2,2,6,5
1419,supposer,prétendre,verbs,0,5,3,2,6,6,3,1,1,3
1420,sélectionner,choisir,verbs,6,6,5,6,6,6,6,5,6,6
1421,se comporter,obéir,verbs,0,5,3,2,4,5,5,4,4,3
1422,ajouter,construire,verbs,0,3,0,2,4,4,1,0,1,0
1423,choisir,élire,verbs,6,5,4,5,6,5,5,3,5,4
1424,mélanger,dissoudre,verbs,4,3,3,4,5,4,4,1,4,3
1425,perdre,soustraire,verbs,0,3,3,2,4,4,2,1,0,4
1426,accepter,décliner,verbs,0,3,3,1,1,3,3,2,0,3
1427,plaider,supplier,verbs,0,4,2,2,4,1,0,1,2,5
1428,étouffer,étreindre,verbs,5,4,1,3,2,2,3,4,1,3
1429,mouiller,réduire,verbs,0,1,0,0,0,0,0,0,0,0
1430,obtenir,mettre,verbs,0,2,0,1,0,1,0,1,0,0
1431,apporter,se plaindre,verbs,0,2,0,0,0,0,0,0,0,0
1432,rivaliser,terminer,verbs,0,2,0,0,0,0,0,0,0,0
1433,se fiancer,se marier,verbs,6,5,5,4,2,5,6,3,5,5
1434,se plaindre,se disputer,verbs,0,3,2,3,2,2,3,1,1,4
1435,venir,assister,verbs,0,5,4,2,5,6,5,1,2,4
1436,commencer,cesser,verbs,0,2,2,1,1,3,3,1,0,3
1437,perdre,garder,verbs,0,2,2,1,1,2,3,1,0,3
1438,réussir,accomplir,verbs,6,6,4,4,6,6,6,3,6,5
1439,cuisiner,frire,verbs,3,5,2,2,4,4,4,2,5,3
1440,devoir,prêter,verbs,0,3,0,0,0,3,3,1,0,0
1441,rejeter,éviter,verbs,2,4,0,2,4,1,2,2,2,4
1442,donner,emprunter,verbs,0,3,2,2,1,3,3,1,0,3
1443,permettre,approuver,verbs,5,5,3,3,6,1,5,0,4,4
1444,parler,chuchoter,verbs,4,5,3,3,4,5,4,3,4,5
1445,s'arrêter,attendre,verbs,0,5,2,3,5,6,2,1,1,4
1446,donner,mettre,verbs,6,2,0,1,2,4,3,0,0,0
1447,enquêter,examiner,verbs,5,4,3,6,4,3,3,2,2,6
1448,prendre,recevoir,verbs,2,3,3,3,2,5,3,2,1,3
1449,chercher,viser,verbs,0,4,4,4,3,4,2,0,0,5
1450,s'entraîner,répéter,verbs,2,5,5,4,6,4,6,2,5,5
1451,protéger,défendre,verbs,6,6,5,5,6,6,6,6,6,3
1452,punir,obéir,verbs,0,2,2,2,2,3,1,1,0,3
1453,joindre,acquérir,verbs,0,3,0,2,4,3,0,0,0,0
1454,apprendre,écouter,verbs,0,4,3,4,3,2,3,1,0,4
1455,écouter,entendre,verbs,4,5,4,4,5,5,4,6,5,5
1456,renoncer,réprimer,verbs,0,4,0,1,5,3,1,0,0,6
1457,rassembler,réunir,verbs,6,6,6,6,6,5,6,6,6,6
1458,croître,augmenter,verbs,6,6,6,6,6,6,6,6,6,6
1459,être d'accord,débattre,verbs,1,2,4,3,4,5,4,2,1,3
1460,saisir,comprendre,verbs,6,6,6,5,6,6,6,6,6,6
1461,débattre,justifier,verbs,0,4,4,2,4,4,4,2,1,3
1462,couvrir,enterrer,verbs,4,5,2,3,5,1,5,3,2,3
1463,partir,aller,verbs,6,5,3,4,4,6,5,5,3,4
1464,renier,négliger,verbs,0,3,3,2,2,2,2,1,0,4
1465,débattre,différer,verbs,0,3,0,1,1,0,3,3,1,4
1466,multiplier,diviser,verbs,1,3,3,2,1,4,4,2,1,3
1467,saisir,satisfaire,verbs,0,3,0,2,0,2,0,0,0,0
1468,aller,envoyer,verbs,0,3,0,1,3,1,0,0,0,1
1469,localiser,trouver,verbs,5,5,5,4,6,6,3,3,6,5
1470,imprimer,ignorer,verbs,0,2,0,0,0,0,0,0,0,0
1471,lutter,saisir,verbs,0,3,0,1,3,0,0,1,0,0
1472,représenter,notifier,verbs,0,4,3,2,0,1,0,0,0,4
1473,acquérir,obtenir,verbs,6,6,5,6,6,5,3,6,6,6
1474,nier,mentir,verbs,0,3,4,3,5,4,2,1,0,3
1475,humilier,conforter,verbs,0,2,1,1,1,0,2,1,0,1
1476,mendier,demander,verbs,1,5,2,4,4,6,4,3,3,4
1477,tuer,détruire,verbs,1,5,3,3,5,4,4,2,1,4
1478,diviser,détacher,verbs,1,3,0,3,4,1,0,4,0,0
1479,interdire,arrêter,verbs,0,4,0,4,4,4,0,3,1,5
1480,critiquer,pousser,verbs,0,2,0,0,0,2,0,0,0,0
1481,sentir,gâcher,verbs,0,2,0,0,0,0,0,0,0,0
1482,tromper,tricher,verbs,1,5,5,5,5,3,4,2,3,5
1483,arrêter,suspecter,verbs,0,4,2,0,0,4,3,0,1,2
1484,absorber,posséder,verbs,0,2,0,3,4,0,0,0,0,1
1485,accepter,rejeter,verbs,0,2,3,1,1,3,3,2,0,3
1486,tisser,bouger,verbs,0,2,0,0,0,0,0,0,0,1
1487,déranger,aggraver,verbs,0,2,0,1,0,0,0,0,0,1
1488,faire,cesser,verbs,0,3,2,0,1,3,0,2,0,3
1489,être d'accord,accepter,verbs,4,5,4,3,5,4,2,4,4,6
1490,savoir,inclure,verbs,0,3,0,1,0,0,0,0,0,1
1491,prendre,posséder,verbs,1,4,2,3,5,4,0,2,3,4
1492,adorer,admirer,verbs,1,6,4,5,5,5,5,3,5,5
1493,être d'accord,satisfaire,verbs,0,5,1,3,4,1,0,1,5,3
1494,faire,construire,verbs,4,5,2,2,6,5,6,5,4,4
1495,élire,rejeter,verbs,0,2,1,1,1,3,0,0,0,3
1496,fracasser,briser,verbs,4,6,4,5,5,5,5,6,4,5
1497,faire,devenir,verbs,0,4,0,2,2,0,0,0,0,3
1498,détruire,construire,verbs,0,2,3,1,1,3,3,3,0,3
1499,détruire,sauver,verbs,0,2,2,1,1,2,1,0,0,3
1500,laisser,permettre,verbs,3,5,5,6,6,5,4,3,6,6
1501,rincer,laver,verbs,5,5,5,3,3,6,6,4,5,5
1502,donner,savoir,verbs,0,3,0,0,0,3,0,0,0,0
1503,prendre sa retraite,rétracter,verbs,0,3,0,1,4,1,0,0,1,3
1504,traiter,vendre,verbs,0,3,0,1,2,0,0,0,0,2
1505,oublier,apprendre,verbs,0,3,1,1,1,2,3,1,0,3
1506,conseiller,recommander,verbs,6,6,5,5,6,6,6,6,6,6
1507,boiter,marcher,verbs,1,4,2,2,4,4,4,4,3,5
1508,haïr,mépriser,verbs,5,5,5,6,5,4,4,5,5,4
1509,penser,décider,verbs,0,4,3,3,4,5,1,2,2,3
1510,réduire,rétrécir,verbs,5,6,2,5,6,6,6,6,5,5
1511,grimper,randonner,verbs,0,5,2,2,3,2,4,1,3,4
1512,siroter,engloutir,verbs,0,4,2,2,2,2,3,2,2,3
1513,acquérir,obtenir,verbs,6,6,5,6,6,4,4,6,6,6
1514,tomber,blesser,verbs,0,3,1,1,4,2,1,1,1,2
1515,pincer,frapper,verbs,0,5,2,1,4,5,4,2,4,3
1516,demander,prier,verbs,2,5,2,4,6,4,6,0,6,4
1517,donner,permettre,verbs,0,3,2,2,2,1,0,0,1,3
1518,ignorer,éviter,verbs,1,5,0,4,4,4,3,6,4,5
1519,laisser,rencontrer,verbs,0,3,0,0,0,2,0,0,0,2
1520,supposer,prédire,verbs,2,4,2,3,5,3,3,2,1,4
1521,récolter,gagner,verbs,2,5,3,3,5,3,2,2,5,4
1522,désirer,vouloir,verbs,6,6,3,6,6,6,6,6,6,6
1523,offenser,déranger,verbs,1,5,1,2,2,2,4,4,2,4
1524,contempler,penser,verbs,0,4,1,1,0,1,2,5,3,2
1525,accepter,recommander,verbs,0,4,0,1,2,0,0,0,0,3
1526,payer,acheter,verbs,5,3,3,4,6,6,3,4,2,6
1527,mélanger,combiner,verbs,5,6,3,6,5,5,6,6,5,4
1528,envoyer,recevoir,verbs,0,3,3,2,1,3,3,3,1,3
1529,créer,imaginer,verbs,3,5,3,5,6,5,4,3,3,5
1530,atteindre,réussir,verbs,4,5,4,4,5,4,2,5,5,6
1531,penser,rationaliser,verbs,0,4,4,4,3,5,4,5,5,5
1532,garder,donner,verbs,0,3,3,1,1,3,3,2,0,3
1533,parler,entendre,verbs,0,3,3,1,2,3,2,2,0,3
1534,permettre,réfuter,verbs,0,3,0,0,1,0,0,0,0,1
1535,satisfaire,faire plaisir,verbs,1,6,4,5,6,4,6,6,4,6
1536,aller,permettre,verbs,0,3,0,0,0,0,0,0,0,1
1537,boire,siroter,verbs,6,6,3,5,5,4,5,5,5,5
1538,contrôler,arrêter,verbs,0,4,3,2,4,5,2,1,1,4
1539,commencer,provenir,verbs,0,2,0,1,0,4,0,0,0,0
1540,réussir,essayer,verbs,0,4,2,2,2,3,4,1,1,4
1541,se battre,être en désaccord,verbs,1,5,2,4,5,4,3,4,3,5
1542,entrer,devoir,verbs,0,3,0,0,0,0,0,0,0,0
1543,joindre,marier,verbs,2,5,3,5,6,1,3,6,1,5
1544,réduire,restreindre,verbs,5,6,4,5,6,6,5,4,4,6
1545,créer,construire,verbs,5,5,2,6,6,6,6,6,3,5
1546,gagner,réussir,verbs,2,6,2,5,6,5,6,6,4,4
1547,débuter,commencer,verbs,6,6,6,6,6,6,6,6,6,5
1548,surprendre,fêter,verbs,0,4,2,0,0,0,2,1,0,1
1549,absorber,apprendre,verbs,1,5,3,3,4,1,2,4,1,2
1550,nommer,élire,verbs,6,5,5,5,6,6,6,6,6,4
1551,dériver,couler,verbs,1,3,4,1,3,1,4,5,1,1
1552,prendre,voler,verbs,3,4,2,4,4,5,6,0,1,4
1553,se produire,arriver,verbs,6,6,5,6,6,6,6,6,6,5
1554,remplacer,restaurer,verbs,0,4,3,4,4,4,4,1,1,4
1555,se dissiper,disparaître,verbs,6,5,6,6,6,6,6,6,3,5
1556,cuire,frire,verbs,5,5,3,4,5,4,5,3,5,5
1557,attraper,terminer,verbs,0,3,0,0,0,1,0,0,0,0
1558,griffonner,écrire,verbs,6,5,3,3,5,5,6,6,4,5
1559,emprunter,vendre,verbs,0,3,2,1,2,0,2,0,0,2
1560,comparer,analyser,verbs,2,5,3,4,6,5,1,3,1,5
1561,étouffer,submerger,verbs,0,4,4,2,4,1,4,3,5,0
1562,arriver,laisser,verbs,0,3,0,0,0,1,0,0,0,0
1563,garder,protéger,verbs,5,5,4,4,5,5,4,5,2,5
1564,unir,attacher,verbs,4,5,5,6,6,2,5,0,5,4
1565,taquiner,blesser,verbs,0,3,0,1,3,4,3,1,3,3
1566,réveiller,ronfler,verbs,0,3,2,1,1,3,1,1,0,2
1567,mépriser,accuser,verbs,0,3,0,0,4,4,1,0,0,4
1568,fermer,vomir,verbs,0,1,0,0,0,0,0,0,0,0
1569,tenir,étreindre,verbs,4,4,2,3,4,5,5,3,3,3
1570,impliquer,inclure,verbs,6,4,4,4,6,4,5,6,3,6
1571,porter,apporter,verbs,1,3,5,4,5,2,5,3,6,4
1572,s'écraser,se fracasser,verbs,6,6,5,6,5,5,6,6,5,4
1573,penser,se renseigner,verbs,0,3,0,2,0,1,2,0,1,3
1574,partir,rejoindre,verbs,1,4,4,1,1,2,2,2,1,4
1575,diviser,unir,verbs,0,3,3,1,1,3,3,2,0,3
1576,rappeler,vendre,verbs,0,2,0,0,1,0,0,0,0,1
1577,battre en retraite,partir,verbs,4,6,3,5,6,6,4,6,5,4
1578,laisser,attendre,verbs,2,4,0,2,0,2,0,0,0,3
1579,boire,élever,verbs,0,1,0,0,0,0,0,0,0,0
1580,savoir,croire,verbs,0,3,4,3,1,5,4,3,4,4
1581,recevoir,acheter,verbs,0,3,0,3,1,1,3,1,1,4
1582,mettre,pendre,verbs,0,3,0,1,3,2,1,0,0,0
1583,débattre,prouver,verbs,0,4,3,2,2,3,3,5,0,4
1584,juger,décider,verbs,0,5,5,6,6,1,3,6,5,5
1585,pousser,tirer,verbs,4,3,3,1,1,3,3,2,0,4
1586,argumenter,débattre,verbs,2,5,6,6,6,5,5,6,4,5
1587,assister,débattre,verbs,0,3,3,1,0,2,0,0,0,2
1588,satisfaire,divertir,verbs,0,4,1,0,2,0,0,2,0,4
1589,promouvoir,avancer,verbs,0,4,3,3,6,4,0,3,1,2
1590,développer,croître,verbs,5,5,5,6,6,4,0,6,3,5
1591,faire,gagner,verbs,2,3,0,0,0,1,0,0,0,0
1592,se souvenir,penser,verbs,5,3,2,3,5,2,1,5,3,4
1593,accuser,mentir,verbs,0,3,0,2,0,1,1,0,0,3
1594,organiser,devenir,verbs,0,2,0,0,0,0,0,0,0,1
1595,faire,se produire,verbs,0,5,1,2,4,2,0,0,1,3
1596,presser,étreindre,verbs,3,5,0,5,4,3,3,6,3,3
1597,accomplir,devenir,verbs,0,4,0,4,4,2,0,2,1,4
1598,satisfaire,plaider,verbs,0,2,0,1,0,0,0,0,0,0
1599,agresser,aggraver,verbs,0,2,0,4,2,0,0,1,0,4
1600,poursuivre,persuader,verbs,0,3,0,0,0,1,0,0,0,3
1601,fissurer,casser,verbs,4,5,3,3,5,2,6,4,2,5
1602,apprendre,évaluer,verbs,0,5,0,2,2,0,0,1,0,3
1603,vérifier,justifier,verbs,2,4,2,4,4,2,2,3,1,4
1604,éviter,nier,verbs,0,3,0,2,1,1,0,0,1,3
1605,attaque,blesser,verbs,2,4,2,3,4,2,0,4,4,0
1606,percevoir,entendre,verbs,4,5,4,4,4,6,0,5,4,4
1607,libérer,presser,verbs,0,4,0,0,0,0,0,0,0,0
1608,accepter,pardonner,verbs,0,6,1,2,2,2,1,1,1,5
1609,donner,voler,verbs,0,1,2,1,1,3,3,0,0,3
1610,apparaître,assister,verbs,0,4,0,2,5,1,0,0,0,3
1611,enseigner,éduquer,verbs,5,6,4,5,6,4,4,6,4,5
1612,trébucher,tomber,verbs,3,5,3,6,6,4,4,4,6,5
1613,parler,reconnaître,verbs,0,4,0,0,0,1,0,0,0,0
1614,grelotter,geler,verbs,1,5,4,5,4,2,2,6,3,4
1615,recevoir,accepter,verbs,0,5,5,2,0,3,4,3,4,4
1616,évacuer,déterminer,verbs,0,3,0,0,0,1,0,0,0,0
1617,porter,ronger,verbs,0,3,0,0,0,0,0,0,0,0
1618,tuer,défendre,verbs,0,4,2,1,0,2,2,1,0,1
1619,élever,augmenter,verbs,6,6,3,6,6,3,6,6,5,6
1620,parier,miser,verbs,6,6,4,6,6,6,4,6,5,6
1621,garder,emprunter,verbs,0,4,2,1,1,4,3,0,1,3
1622,sauver,protéger,verbs,1,5,2,5,6,4,4,5,1,4
1623,perdre,obtenir,verbs,0,1,2,1,1,2,3,1,0,3
1624,saluer,rencontrer,verbs,1,6,3,3,4,1,1,1,1,4
1625,chanter,flotter,verbs,0,2,0,0,0,0,0,0,0,0
1626,assister,aider,verbs,6,6,5,6,6,5,4,6,6,6
1627,dire,vérifier,verbs,0,4,1,1,0,2,0,0,0,2
1628,promettre,jurer,verbs,6,6,6,6,6,6,0,6,6,6
1629,casser,craquer,verbs,3,5,1,6,5,5,2,5,2,4
1630,remuer,mélanger,verbs,4,4,6,4,6,6,3,6,5,4
1631,descendre,battre en retraite,verbs,0,3,0,0,0,0,1,1,1,0
1632,arriver,venir,verbs,3,6,5,5,6,5,5,5,4,6
1633,déclarer,annoncer,verbs,4,6,6,6,6,5,6,6,6,6
1634,marcher,rester,verbs,0,4,3,1,4,4,3,1,1,5
1635,échouer,décourager,verbs,0,4,2,2,2,2,1,2,1,4
1636,insulter,offenser,verbs,0,6,5,6,5,3,4,6,5,6
1637,dépenser,sauver,verbs,0,2,0,1,1,0,0,1,0,0
1638,éroder,pâlir,verbs,0,4,0,0,0,1,0,1,0,0
1639,rétrécir,croître,verbs,0,1,2,1,1,3,3,2,0,3
1640,ignorer,demander,verbs,0,2,2,2,0,0,0,1,0,4
1641,réussir,échouer,verbs,0,3,2,1,1,3,3,2,0,3
1642,enseigner,punir,verbs,0,2,0,0,1,1,1,1,0,1
1643,informer,notifier,verbs,6,6,5,6,6,4,6,6,6,6
1644,débattre,rationaliser,verbs,0,4,4,2,4,3,3,5,1,5
1645,battre,fouetter,verbs,4,6,5,5,6,6,4,5,6,5
1646,permettre,éroder,verbs,0,3,0,0,0,0,0,0,0,0
1647,saisir,agripper,verbs,5,6,4,6,6,5,6,6,4,5
1648,emboutir,s'écraser,verbs,0,6,5,4,5,4,1,5,2,4
1649,tuer,pendre,verbs,0,6,3,4,4,4,4,4,6,4
1650,apporter,envoyer,verbs,0,5,1,2,2,2,2,4,0,3
1651,exiger,réprimander,verbs,0,3,1,0,2,0,0,0,0,3
1652,se dépêcher,se ruer,verbs,5,6,3,6,6,4,6,6,5,6
1653,fuir,s'échapper,verbs,4,6,6,6,6,6,6,6,6,6
1654,gagner,accomplir,verbs,1,4,0,2,2,2,0,0,1,4
1655,nier,admettre,verbs,0,1,2,1,1,3,3,2,0,3
1656,prendre,porter,verbs,1,5,1,1,2,5,2,1,1,0
1657,rire,chanter,verbs,0,3,1,1,2,4,2,1,1,4
1658,énerver,deviner,verbs,0,3,0,0,0,0,0,0,0,0
1659,rire,crier,verbs,1,3,0,1,1,4,2,2,1,4
1660,rassembler,assister,verbs,0,4,0,1,0,0,0,0,0,2
1661,coopérer,participer,verbs,3,6,5,4,4,3,2,2,4,5
1662,dire,participer,verbs,0,5,3,2,4,0,0,0,1,4
1663,loucher,éblouir,verbs,0,2,0,1,0,0,0,0,0,0
1664,puer,sentir,verbs,3,6,3,4,4,4,6,3,4,3
1665,enquêter,poursuivre,verbs,0,4,3,3,3,1,2,1,1,1
1666,pouffer,rire,verbs,4,6,5,5,5,6,6,5,6,5
1667,retenir,garder,verbs,6,6,5,5,6,6,5,6,2,5
1668,attacher,tresser,verbs,2,4,2,3,4,4,4,5,2,4
1669,surmonter,dominer,verbs,3,6,3,4,5,6,6,5,2,3
1670,recevoir,atteindre,verbs,0,3,0,0,0,0,0,0,0,0
1671,garder,posséder,verbs,4,5,2,4,5,1,3,1,1,5
1672,participer,rejoindre,verbs,2,6,3,5,6,2,0,3,0,5
1673,détériorer,essuyer,verbs,0,2,0,0,2,0,0,0,0,0
1674,séparer,attacher,verbs,0,1,2,1,1,2,3,2,0,3
1675,chérir,garder,verbs,3,6,3,1,2,1,2,1,1,3
1676,cuisiner,mélanger,verbs,1,4,1,3,2,3,2,2,1,4
1677,critiquer,remarquer,verbs,0,5,1,2,2,4,2,1,1,4
1678,encourager,décourager,verbs,0,1,2,1,1,3,3,3,0,3
1679,laisser,entrer,verbs,0,3,0,0,0,0,0,0,0,1
1680,voler,kidnapper,verbs,0,5,1,2,6,5,6,4,2,4
1681,rappeler,oublier,verbs,0,1,2,1,1,3,2,2,0,3
1682,partir,rester,verbs,0,1,3,1,1,3,3,2,0,3
1683,pardonner,oublier,verbs,4,5,4,1,2,4,2,4,3,5
1684,créer,détruire,verbs,0,1,2,1,1,3,2,2,0,3
1685,hurler,crier,verbs,6,6,5,6,5,6,6,6,6,5
1686,juger,accuser,verbs,0,5,3,4,4,6,3,1,1,4
1687,exiger,se renseigner,verbs,0,4,0,1,1,1,0,0,0,2
1688,attendre,rester,verbs,2,5,3,3,4,4,0,2,1,5
1689,battre,mélanger,verbs,6,6,6,4,6,4,3,6,5,5
1690,accepter,croire,verbs,4,6,1,2,4,5,3,0,4,5
1691,chercher,chasser,verbs,3,4,0,0,3,4,0,2,0,4
1692,prétendre,sembler,verbs,2,4,3,2,4,3,0,1,1,0
1693,contrarier,décourager,verbs,0,4,0,3,4,4,0,1,3,4
1694,secouer,recueillir,verbs,0,2,0,0,0,1,0,0,0,0
1695,importuner,déranger,verbs,6,6,6,6,6,6,6,6,6,5
1696,venir,apporter,verbs,0,3,1,0,2,2,0,0,1,0
1697,terminer,être diplômé,verbs,1,5,2,4,4,4,3,0,5,3
1698,créer,faire,verbs,4,5,4,5,6,6,6,5,6,5
1699,voyager,aller,verbs,3,5,3,5,5,4,4,5,3,4
1700,gagner,dominer,verbs,1,6,2,6,5,4,3,4,0,3
1701,feindre,imaginer,verbs,0,5,0,2,2,2,2,0,1,2
1702,comprendre,savoir,verbs,0,5,3,4,4,4,6,2,2,4
1703,mériter,gagner,verbs,0,5,2,2,5,2,3,3,2,0
1704,séparer,partir,verbs,0,5,2,4,3,1,0,1,2,0
1705,exprimer,dire,verbs,2,6,6,6,6,5,6,5,6,5
1706,couvrir,protéger,verbs,2,6,5,6,6,5,5,5,5,4
1707,lire,saisir,verbs,0,4,0,0,0,3,3,0,0,1
1708,irriter,contrarier,verbs,3,6,6,6,6,6,5,4,5,5
1709,décider,choisir,verbs,5,6,6,5,6,5,0,6,6,6
1710,acquérir,trouver,verbs,2,4,3,4,5,4,0,1,1,4
1711,déterminer,prédire,verbs,2,5,5,6,4,3,0,4,3,5
1712,discuter,expliquer,verbs,0,5,3,4,4,2,1,3,2,5
1713,attraper,chasser,verbs,0,3,1,3,4,3,0,1,0,2
1714,frapper,attirer,verbs,0,2,0,1,2,6,0,0,0,0
1715,donner,désavouer,verbs,0,2,0,0,0,0,0,0,0,0
1716,brûler,étouffer,verbs,0,1,0,0,2,2,0,0,0,2
1717,nager,rencontrer,verbs,0,1,0,0,0,5,0,0,0,0
1718,communiquer,prier,verbs,0,4,1,2,0,0,0,2,0,1
1719,accepter,livrer,verbs,0,4,0,1,0,2,0,0,0,4
1720,oublier,savoir,verbs,0,1,2,1,1,3,3,2,0,3
1721,restaurer,réparer,verbs,5,6,5,6,6,5,6,6,6,6
1722,coopérer,rejoindre,verbs,0,5,1,3,5,4,2,1,1,5
1723,désorganisé,organisé,verbs,0,1,2,1,1,3,3,3,0,3
1724,rester,retenir,verbs,0,4,2,2,2,3,1,0,1,2
1725,capturer,imiter,verbs,1,2,0,0,0,2,0,0,0,0
1726,jouer,combattre,verbs,0,3,0,2,0,4,2,1,0,2
1727,accepter,reconnaître,verbs,4,6,3,6,6,5,6,6,6,5
1728,débattre,hurler,verbs,0,4,1,2,2,2,3,1,2,4
1729,crier,sangloter,verbs,0,4,1,3,2,4,2,1,1,5
1730,dissoudre,fondre,verbs,4,6,4,6,6,5,3,6,6,5
1731,ajouter,diviser,verbs,0,2,2,1,1,3,3,2,1,3
1732,multiplier,ajouter,verbs,2,5,2,3,2,4,3,4,2,4
1733,frapper,blesser,verbs,2,6,3,2,5,5,4,4,4,4
1734,renoncer,renier,verbs,2,4,4,3,4,4,2,5,1,3
1735,reconnaître,notifier,verbs,1,4,0,2,2,4,0,0,0,0
1736,apprendre,confondre,verbs,0,2,2,1,0,2,1,0,0,2
1737,pleurer,crier,verbs,0,4,2,3,4,4,4,1,1,4
1738,suggérer,conseiller,verbs,5,6,5,5,6,6,6,6,5,6
1739,imiter,représenter,verbs,0,3,3,4,4,5,0,3,0,0
1740,apprécier,divertir,verbs,0,3,0,1,2,0,0,2,0,2
1741,capturer,attraper,verbs,6,6,6,6,6,6,6,6,4,5
1742,trouver,échapper,verbs,0,2,0,0,0,2,1,1,0,0
1743,chercher,regarder,verbs,0,4,3,1,4,4,3,1,0,4
1744,convaincre,débattre,verbs,0,4,5,2,4,4,5,4,1,5
1745,influencer,incliner,verbs,0,5,5,2,0,3,2,6,1,6
1746,abaisser,réduire,verbs,5,5,4,4,6,4,6,6,3,5
1747,ignorer,explorer,verbs,0,2,2,0,0,2,0,0,0,0
1748,tenter,avoir l'intention de,verbs,0,5,3,6,5,3,6,5,5,6
1749,résoudre,terminer,verbs,4,5,5,6,4,4,2,1,1,5
1750,étaler,propager,verbs,5,6,3,6,5,1,5,6,2,5
1751,proclamer,annoncer,verbs,6,6,6,6,6,6,2,6,6,6
1752,essayer,convaincre,verbs,0,3,0,2,2,1,0,1,0,1
1753,faire grève,manquer,verbs,2,4,0,4,2,3,3,3,0,1
1754,parcourir,errer,verbs,1,6,2,5,4,4,3,1,1,0
1755,lancer,envoyer,verbs,6,6,5,6,6,6,6,6,2,1
1756,déguiser,couvrir,verbs,2,4,1,3,4,5,6,2,0,4
1757,aider,demander,verbs,0,3,1,1,2,1,2,1,0,1
1758,recevoir,donner,verbs,0,0,2,1,1,3,3,2,0,3
1759,sauver,noyer,verbs,0,2,3,1,1,3,2,1,0,2
1760,créer,dessiner,verbs,1,4,2,3,4,4,4,2,1,4
1761,altérer,changer,verbs,6,6,5,6,5,6,6,6,5,4
1762,regarder,observer,verbs,6,6,5,6,5,6,6,6,6,5
1763,disparaître,rétrécir,verbs,0,4,0,4,2,4,3,1,0,0
1764,punir,frapper,verbs,0,5,3,4,4,5,4,2,1,1
1765,oublier,retenir,verbs,0,0,2,1,1,3,3,2,0,3
1766,gentiment,aimablement,adverbs,4,6,5,6,6,6,6,6,6,6
1767,jamais,honnêtement,adverbs,0,1,0,0,0,0,0,0,0,0
1768,loyalement,honnêtement,adverbs,1,6,5,6,5,6,3,4,2,5
1769,significativement,spécialement,adverbs,0,4,0,4,4,4,1,3,0,3
1770,anormalement,normalement,adverbs,0,0,2,1,1,3,3,2,0,3
1771,positivement,probablement,adverbs,0,5,0,2,0,2,0,0,1,4
1772,exactement,activement,adverbs,0,3,0,2,0,0,0,0,0,0
1773,fermement,solidement,adverbs,5,6,5,6,6,6,1,6,6,6
1774,discrètement,poliment,adverbs,0,5,2,2,3,5,0,2,2,2
1775,avant,après,adverbs,1,1,2,1,1,4,3,2,1,3
1776,sûrement,tranquillement,adverbs,4,4,0,1,4,4,2,0,2,0
1777,immédiatement,bientôt,adverbs,1,5,3,2,3,5,4,2,5,4
1778,émotionnellement,tristement,adverbs,2,4,1,1,2,4,3,3,1,3
1779,principalement,en phase terminale,adverbs,0,0,0,0,0,0,0,0,0,0
1780,précisément,inexactement,adverbs,0,0,2,1,1,3,3,2,0,3
1781,plus tard,jamais,adverbs,0,2,2,1,1,4,3,2,1,4
1782,doucement,fermement,adverbs,0,0,2,1,1,2,3,2,0,3
1783,brillamment,légèrement,adverbs,0,1,0,0,0,3,0,0,0,2
1784,ce soir,aujourd'hui,adverbs,2,5,2,2,4,4,3,4,2,3
1785,localement,attentivement,adverbs,0,3,0,0,0,0,0,0,0,0
1786,maintenant,ici,adverbs,0,3,3,1,0,4,4,2,2,0
1787,fermement,incroyablement,adverbs,0,3,0,1,0,0,0,0,0,0
1788,bruyamment,doucement,adverbs,0,2,2,1,1,2,3,0,0,0
1789,normalement,quotidiennement,adverbs,2,4,0,4,0,0,4,1,2,5
1790,dangereusement,soigneusement,adverbs,0,3,0,1,1,2,1,0,0,0
1791,récemment,concrètement,adverbs,0,3,0,0,0,0,0,0,0,0
1792,sérieusement,raisonnablement,adverbs,6,5,3,3,4,4,4,3,4,4
1793,initialement,créativement,adverbs,0,3,0,0,0,0,0,0,0,0
1794,nécessairement,fondamentalement,adverbs,5,4,3,5,5,6,2,1,3,5
1795,surtout,vraiment,adverbs,1,3,0,3,0,6,0,0,4,4
1796,mortellement,heureusement,adverbs,0,3,0,0,0,2,0,0,0,1
1797,calmement,fermement,adverbs,0,3,2,0,1,3,0,1,0,0
1798,sévèrement,principalement,adverbs,0,3,0,0,0,0,0,0,0,0
1799,nerveusement,anxieusement,adverbs,6,5,6,6,5,6,6,6,6,5
1800,approximativement,facilement,adverbs,0,3,0,2,0,0,0,0,0,0
1801,fièrement,paisiblement,adverbs,0,3,0,1,0,4,0,1,0,0
1802,généralement,sincèrement,adverbs,0,3,0,1,0,0,0,0,0,0
1803,approximativement,impatiemment,adverbs,0,3,0,0,0,2,3,0,0,0
1804,exceptionnellement,étrangement,adverbs,1,5,1,4,0,4,3,1,2,4
1805,naturellement,bizarrement,adverbs,0,2,1,1,1,3,3,1,0,3
1806,officiellement,grandement,adverbs,0,3,0,2,0,2,0,0,0,0
1807,uniformément,parfois,adverbs,0,3,0,1,0,1,2,0,0,0
1808,exactement,précisément,adverbs,6,5,5,6,6,6,6,6,6,6
1809,apparemment,simplement,adverbs,0,4,0,3,0,3,1,0,1,4
1810,clairement,certainement,adverbs,2,6,2,3,5,4,3,0,3,6
1811,strictement,complètement,adverbs,0,5,5,1,2,4,4,6,5,0
1812,sûrement,évidemment,adverbs,6,4,3,4,4,4,4,0,5,4
1813,généreusement,gentiment,adverbs,1,4,5,1,4,0,6,0,3,3
1814,vraiment,parfaitement,adverbs,0,5,5,4,0,5,4,0,4,3
1815,fièrement,humblement,adverbs,0,2,2,1,1,3,3,2,1,3
1816,confortablement,facilement,adverbs,1,5,0,0,0,4,4,0,3,0
1817,différemment,curieusement,adverbs,2,5,0,1,0,2,2,0,1,4
1818,sûrement,parfois,adverbs,0,3,4,0,0,2,1,3,0,0
1819,délicatement,actuellement,adverbs,0,3,0,0,0,0,0,0,0,0
1820,soigneusement,fermement,adverbs,0,5,2,0,1,1,3,2,2,0
1821,sérieusement,sincèrement,adverbs,0,4,0,2,0,6,3,3,0,3
1822,ouvertement,massivement,adverbs,0,5,5,0,0,1,0,1,0,0
1823,officiellement,fortement,adverbs,0,3,0,0,0,1,0,0,0,0
1824,immédiatement,autrefois,adverbs,0,2,1,1,0,3,2,2,0,2
1825,incroyablement,grandement,adverbs,0,3,0,2,4,4,0,4,5,0
1826,actuellement,récemment,adverbs,1,3,4,4,4,5,4,4,6,4
1827,dernièrement,récemment,adverbs,6,6,4,6,4,6,6,6,6,6
1828,marginalement,grossièrement,adverbs,0,4,0,4,0,4,1,0,0,0
1829,passivement,activement,adverbs,0,2,2,1,1,3,3,2,0,3
1830,peut-être,probablement,adverbs,6,6,5,3,5,5,6,6,4,4
1831,subtilement,calmement,adverbs,0,4,0,2,0,4,2,3,1,0
1832,apparemment,évidemment,adverbs,3,6,2,3,4,4,4,1,3,0
1833,bruyamment,subtilement,adverbs,0,3,2,2,1,2,1,2,0,0
1834,d'habitude,rarement,adverbs,0,2,2,1,1,3,3,2,0,3
1835,parfois,souvent,adverbs,1,6,2,1,1,3,3,2,3,3
1836,sérieusement,passivement,adverbs,0,3,2,0,0,2,0,0,0,0
1837,évidemment,localement,adverbs,0,3,0,0,0,0,0,0,0,0
1838,humblement,pauvrement,adverbs,2,5,4,3,4,4,0,6,2,5
1839,probablement,Peut-être,adverbs,6,5,5,3,5,6,6,6,4,5
1840,équitablement,injustement,adverbs,0,2,2,0,1,3,3,2,0,3
1841,brillamment,grandement,adverbs,0,5,0,3,5,4,3,2,3,4
1842,idéalement,concrètement,adverbs,0,4,2,2,4,1,2,0,0,3
1843,souvent,rarement,adverbs,0,2,2,1,1,3,3,2,0,3
1844,instamment,rapidement,adverbs,5,5,5,4,5,6,6,0,6,2
1845,deux fois,toujours,adverbs,0,3,1,1,1,3,2,2,0,2
1846,surtout,principalement,adverbs,6,6,3,5,5,6,6,6,6,5
1847,significativement,profondément,adverbs,1,5,5,3,0,4,6,6,5,0
1848,élégamment,admirablement,adverbs,2,6,3,4,4,6,5,5,3,1
1849,soigneusement,prudemment,adverbs,2,5,2,2,5,4,2,6,3,2
1850,mécaniquement,idéalement,adverbs,0,3,0,0,0,0,0,0,0,0
1851,deux fois,multiple,adverbs,4,5,2,3,4,3,4,2,3,3
1852,profondément,surtout,adverbs,0,5,0,2,0,2,2,0,0,0
1853,parfois,n'importe quand,adverbs,0,0,2,1,0,1,0,1,0,0
1854,négativement,anormalement,adverbs,0,4,0,3,0,2,1,1,0,3
1855,jamais,rarement,adverbs,1,5,2,3,4,2,4,3,5,5
1856,responsablement,indépendamment,adverbs,5,3,0,1,0,0,0,5,0,0
1857,activement,heureusement,adverbs,0,3,0,2,0,0,0,0,0,0
1858,pacifiquement,chaotiquement,adverbs,0,3,0,1,1,1,2,2,0,0
1859,grossièrement,fiablement,adverbs,0,2,1,1,1,2,2,0,0,0
1860,pleinement,au fond,adverbs,0,6,0,0,0,3,0,0,4,1
1861,une fois,deux fois,adverbs,4,3,3,1,2,4,5,3,4,5
1862,confidentiellement,secrètement,adverbs,6,6,6,4,6,6,6,6,6,6
1863,grandement,sérieusement,adverbs,4,5,0,0,0,4,0,6,2,0
1864,mûrement,intelligemment,adverbs,2,4,4,2,4,5,5,3,5,4
1865,improbable,amical,adverbs,0,0,0,0,0,0,0,0,0,0
1866,légèrement,complètement,adverbs,0,3,2,0,1,2,3,2,1,3
1867,honnêtement,sincèrement,adverbs,6,6,6,6,6,6,6,6,6,6
1868,systématiquement,normalement,adverbs,0,4,0,4,4,4,4,1,5,6
1869,parfois,régulièrement,adverbs,2,3,3,2,1,4,3,2,4,3
1870,grossièrement,à peu près,adverbs,6,6,6,4,6,3,5,6,6,6
1871,différemment,en phase terminale,adverbs,0,0,0,0,0,0,0,0,0,0
1872,tranquillement,naturellement,adverbs,1,5,3,1,4,4,2,6,1,0
1873,incroyablement,fantastiquement,adverbs,6,5,5,4,6,5,4,6,6,6
1874,manifestement,discrètement,adverbs,0,2,1,1,1,2,1,0,0,3
1875,éventuellement,avec optimisme,adverbs,1,3,0,0,0,0,0,0,0,3
1876,demain,ce soir,adverbs,0,3,2,1,1,3,4,2,1,3
1877,doucement,gentiment,adverbs,3,5,2,2,3,4,4,5,6,2
1878,généralement,irrégulièrement,adverbs,0,1,2,1,0,3,2,2,0,3
1879,justement,mûrement,adverbs,0,4,0,2,0,0,3,0,4,0
1880,follement,tristement,adverbs,0,2,0,1,0,2,1,1,0,0
1881,injustement,déraisonnablement,adverbs,4,4,1,3,2,4,5,1,1,4
1882,calmement,pacifiquement,adverbs,5,5,1,5,5,4,6,4,5,6
1883,évidemment,grossièrement,adverbs,0,2,1,1,0,2,2,0,1,0
1884,passivement,silencieusement,adverbs,2,4,3,3,0,2,0,4,2,0
1885,généreusement,jamais,adverbs,0,1,0,0,0,0,0,0,0,0
1886,certainement,sûrement,adverbs,6,6,6,6,6,6,6,6,6,6
1887,à domicile,à l'extérieur,adverbs,0,2,2,1,1,3,4,2,0,3
1888,fortement,follement,adverbs,2,5,0,4,0,5,3,5,5,0
